-- MySQL dump 10.13  Distrib 9.4.0, for macos15.4 (arm64)
--
-- Host: pn-admin-db-np-admin-db.k.aivencloud.com    Database: np
-- ------------------------------------------------------
-- Server version	8.0.35

/*!40101 SET @OLD_CHARACTER_SET_CLIENT=@@CHARACTER_SET_CLIENT */;
/*!40101 SET @OLD_CHARACTER_SET_RESULTS=@@CHARACTER_SET_RESULTS */;
/*!40101 SET @OLD_COLLATION_CONNECTION=@@COLLATION_CONNECTION */;
/*!50503 SET NAMES utf8mb4 */;
/*!40103 SET @OLD_TIME_ZONE=@@TIME_ZONE */;
/*!40103 SET TIME_ZONE='+00:00' */;
/*!40014 SET @OLD_UNIQUE_CHECKS=@@UNIQUE_CHECKS, UNIQUE_CHECKS=0 */;
/*!40014 SET @OLD_FOREIGN_KEY_CHECKS=@@FOREIGN_KEY_CHECKS, FOREIGN_KEY_CHECKS=0 */;
/*!40101 SET @OLD_SQL_MODE=@@SQL_MODE, SQL_MODE='NO_AUTO_VALUE_ON_ZERO' */;
/*!40111 SET @OLD_SQL_NOTES=@@SQL_NOTES, SQL_NOTES=0 */;
SET @MYSQLDUMP_TEMP_LOG_BIN = @@SESSION.SQL_LOG_BIN;
SET @@SESSION.SQL_LOG_BIN= 0;

--
-- GTID state at the beginning of the backup 
--

SET @@GLOBAL.GTID_PURGED=/*!80000 '+'*/ '1d8cf5a3-44d1-11f0-9031-862ccfb00b7c:1-805,
3392ccdb-3276-11f0-b5c9-862ccfb03546:1-130,
a7b2c6ed-3250-11f0-a604-966b69d2e498:1-405';

--
-- Table structure for table `architectonic_adequacy`
--

DROP TABLE IF EXISTS `architectonic_adequacy`;
/*!40101 SET @saved_cs_client     = @@character_set_client */;
/*!50503 SET character_set_client = utf8mb4 */;
CREATE TABLE `architectonic_adequacy` (
  `id` int NOT NULL AUTO_INCREMENT,
  `description` varchar(255) NOT NULL,
  `createdAt` datetime NOT NULL DEFAULT CURRENT_TIMESTAMP,
  `updatedAt` datetime NOT NULL DEFAULT CURRENT_TIMESTAMP ON UPDATE CURRENT_TIMESTAMP,
  PRIMARY KEY (`id`)
) ENGINE=InnoDB AUTO_INCREMENT=9 DEFAULT CHARSET=utf8mb4 COLLATE=utf8mb4_0900_ai_ci;
/*!40101 SET character_set_client = @saved_cs_client */;

--
-- Dumping data for table `architectonic_adequacy`
--

LOCK TABLES `architectonic_adequacy` WRITE;
/*!40000 ALTER TABLE `architectonic_adequacy` DISABLE KEYS */;
INSERT INTO `architectonic_adequacy` VALUES (1,'Non-Vernacular (Vernacular Imitation)','2025-05-16 13:53:46','2025-05-26 11:53:38'),(2,'Non-Vernacular','2025-05-16 13:53:46','2025-05-29 10:21:28'),(3,'Vernacular with foreing influences','2025-05-16 13:53:46','2025-05-26 11:54:45'),(4,'Unaltered Vernacular Building','2025-05-16 13:53:46','2025-05-26 11:37:42'),(5,'Vernacular Restored with Dissonances','2025-05-16 13:53:46','2025-05-26 11:54:05'),(6,'Vernacular Restored without Dissonances','2025-05-16 13:53:46','2025-05-26 11:54:10');
/*!40000 ALTER TABLE `architectonic_adequacy` ENABLE KEYS */;
UNLOCK TABLES;

--
-- Table structure for table `building`
--

DROP TABLE IF EXISTS `building`;
/*!40101 SET @saved_cs_client     = @@character_set_client */;
/*!50503 SET character_set_client = utf8mb4 */;
CREATE TABLE `building` (
  `id` int unsigned NOT NULL AUTO_INCREMENT,
  `fid` int unsigned DEFAULT NULL,
  `buildingId` varchar(255) CHARACTER SET utf8mb4 COLLATE utf8mb4_0900_ai_ci NOT NULL,
  `floors` int DEFAULT NULL,
  `OpeningId` int DEFAULT NULL,
  `StructuralSystemId` int DEFAULT NULL,
  `WallCoveringId` int DEFAULT NULL,
  `RoofCoveringId` int DEFAULT NULL,
  `UseTypeId` int DEFAULT NULL,
  `CurrentStateId` int DEFAULT NULL,
  `ConservationLevelId` int DEFAULT NULL,
  `ArchitectonicAdequacyId` int DEFAULT NULL,
  `FacadeTypologyId` int DEFAULT NULL,
  `createdAt` datetime NOT NULL DEFAULT CURRENT_TIMESTAMP,
  `updatedAt` datetime NOT NULL DEFAULT CURRENT_TIMESTAMP ON UPDATE CURRENT_TIMESTAMP,
  `isCulturalHeritage` tinyint(1) NOT NULL DEFAULT '0',
  `isCulturallySignificantArea` tinyint(1) NOT NULL DEFAULT '0',
  `index` decimal(10,2) DEFAULT NULL,
  PRIMARY KEY (`id`),
  UNIQUE KEY `buildings_building_id_uk` (`buildingId`),
  UNIQUE KEY `buildings_fid_uk` (`fid`),
  KEY `building_opening_id_fk` (`OpeningId`),
  KEY `building_structural_system_id_fk` (`StructuralSystemId`),
  KEY `building_wall_covering_id_fk` (`WallCoveringId`),
  KEY `building_roof_covering_id_fk` (`RoofCoveringId`),
  KEY `building_use_type_id_fk` (`UseTypeId`),
  KEY `building_current_state_id_fk` (`CurrentStateId`),
  KEY `building_conservation_level_id_fk` (`ConservationLevelId`),
  KEY `building_architectonic_adequacy_id_fk` (`ArchitectonicAdequacyId`),
  KEY `building_facade_typology_id_fk` (`FacadeTypologyId`),
  CONSTRAINT `building_architectonic_adequacy_id_fk` FOREIGN KEY (`ArchitectonicAdequacyId`) REFERENCES `architectonic_adequacy` (`id`),
  CONSTRAINT `building_conservation_level_id_fk` FOREIGN KEY (`ConservationLevelId`) REFERENCES `conservation_level` (`id`),
  CONSTRAINT `building_current_state_id_fk` FOREIGN KEY (`CurrentStateId`) REFERENCES `current_state` (`id`),
  CONSTRAINT `building_facade_typology_id_fk` FOREIGN KEY (`FacadeTypologyId`) REFERENCES `facade_typology` (`id`),
  CONSTRAINT `building_opening_id_fk` FOREIGN KEY (`OpeningId`) REFERENCES `opening` (`id`),
  CONSTRAINT `building_roof_covering_id_fk` FOREIGN KEY (`RoofCoveringId`) REFERENCES `roof_covering` (`id`),
  CONSTRAINT `building_structural_system_id_fk` FOREIGN KEY (`StructuralSystemId`) REFERENCES `structural_system` (`id`),
  CONSTRAINT `building_use_type_id_fk` FOREIGN KEY (`UseTypeId`) REFERENCES `use_type` (`id`),
  CONSTRAINT `building_wall_covering_id_fk` FOREIGN KEY (`WallCoveringId`) REFERENCES `wall_covering` (`id`)
) ENGINE=InnoDB AUTO_INCREMENT=120 DEFAULT CHARSET=utf8mb4 COLLATE=utf8mb4_0900_ai_ci;
/*!40101 SET character_set_client = @saved_cs_client */;

--
-- Dumping data for table `building`
--

LOCK TABLES `building` WRITE;
/*!40000 ALTER TABLE `building` DISABLE KEYS */;
INSERT INTO `building` VALUES (1,1845,'PN_Z01_001',1,3,3,4,1,1,3,1,3,7,'2025-05-16 14:09:07','2025-08-12 17:52:44',1,1,1.00),(2,1859,'PN_Z01_002',2,1,3,2,2,2,3,2,5,2,'2025-05-16 14:09:07','2025-08-12 17:52:44',0,1,0.82),(3,1860,'PN_Z01_003',2,2,2,2,1,2,3,1,5,7,'2025-05-16 14:09:07','2025-08-12 17:52:44',0,1,0.42),(4,1861,'PN_Z01_004',2,3,3,2,2,3,3,2,5,7,'2025-05-16 14:09:07','2025-08-12 17:52:44',0,1,0.91),(5,1862,'PN_Z01_005',2,4,3,2,4,2,1,4,4,2,'2025-05-16 14:09:07','2025-08-12 17:52:44',0,1,0.90),(6,1863,'PN_Z01_006',2,4,3,2,4,2,1,4,4,2,'2025-05-16 14:09:07','2025-08-12 17:52:44',0,1,0.90),(7,1864,'PN_Z01_007',2,4,3,2,4,2,1,4,4,7,'2025-05-16 14:09:07','2025-08-12 17:52:44',0,1,0.90),(8,1865,'PN_Z01_008',2,2,2,5,1,2,3,2,5,7,'2025-05-16 14:09:07','2025-08-12 17:52:44',0,1,0.42),(9,1866,'PN_Z01_009',2,2,2,1,1,2,3,2,5,3,'2025-05-16 14:09:07','2025-08-12 17:52:44',0,1,0.43),(10,1867,'PN_Z01_010',1,3,3,2,4,3,3,1,6,7,'2025-05-16 14:09:07','2025-08-12 17:52:44',0,1,1.00),(11,1868,'PN_Z01_011',1,3,3,2,4,3,3,2,4,7,'2025-05-16 14:09:08','2025-08-12 17:52:44',0,1,1.00),(12,1869,'PN_Z01_012',2,2,2,5,4,2,3,1,5,7,'2025-05-16 14:09:08','2025-08-12 17:52:44',0,1,0.52),(13,1870,'PN_Z01_013',2,2,2,5,1,2,3,1,3,3,'2025-05-16 14:09:08','2025-08-12 17:52:45',0,1,0.46),(14,1871,'PN_Z01_014',2,3,3,2,4,2,1,2,4,3,'2025-05-16 14:09:08','2025-08-12 17:52:45',0,1,1.00),(15,1872,'PN_Z01_015',2,3,3,2,4,2,3,2,3,1,'2025-05-16 14:09:08','2025-08-12 17:52:45',0,1,0.87),(16,1873,'PN_Z01_016',2,3,3,2,2,2,3,1,3,7,'2025-05-16 14:09:08','2025-08-12 17:52:45',0,1,0.79),(17,1874,'PN_Z01_017',2,2,2,2,1,2,3,2,5,3,'2025-05-16 14:09:08','2025-08-12 17:52:45',0,1,0.47),(18,1875,'PN_Z01_018',2,2,2,2,1,2,3,2,5,7,'2025-05-16 14:09:08','2025-08-12 17:52:45',0,1,0.47),(19,1876,'PN_Z01_019',2,1,3,2,3,2,3,2,5,2,'2025-05-16 14:09:08','2025-08-12 17:52:45',0,1,0.82),(20,1877,'PN_Z01_020',2,4,3,2,2,2,1,2,5,1,'2025-05-16 14:09:08','2025-08-12 17:52:45',0,1,0.91),(21,1878,'PN_Z01_021',2,2,2,5,2,2,3,2,5,3,'2025-05-16 14:09:09','2025-08-12 17:52:45',0,1,0.43),(22,1879,'PN_Z01_022',2,1,2,2,2,2,3,2,5,2,'2025-05-16 14:09:09','2025-08-12 17:52:45',0,1,0.43),(23,1884,'PN_Z01_023',2,3,3,5,2,2,3,3,5,7,'2025-05-16 14:09:09','2025-08-12 17:52:45',0,1,0.67),(24,1881,'PN_Z01_024',2,2,3,2,2,2,3,2,5,2,'2025-05-16 14:09:09','2025-08-12 17:52:45',0,1,0.82),(25,1882,'PN_Z01_025',1,3,2,2,4,3,3,2,5,7,'2025-05-16 14:09:09','2025-08-12 17:52:46',0,1,0.69),(26,1883,'PN_Z01_026',2,2,2,5,1,2,3,2,3,5,'2025-05-16 14:09:09','2025-08-12 17:52:46',0,1,0.47),(27,1885,'PN_Z01_027',2,2,2,2,2,2,3,1,5,7,'2025-05-16 14:09:09','2025-08-12 17:52:46',0,1,0.47),(28,1880,'PN_Z01_028',2,4,3,2,4,2,1,4,4,7,'2025-05-16 14:09:09','2025-08-12 17:52:46',0,1,0.90),(29,1886,'PN_Z01_029',2,2,2,5,1,2,3,2,5,7,'2025-05-16 14:09:09','2025-08-12 17:52:46',0,1,0.42),(30,1892,'PN_Z01_030',2,2,2,2,2,2,3,1,5,2,'2025-05-16 14:09:10','2025-08-12 17:52:46',0,1,0.42),(31,1893,'PN_Z01_031',1,3,3,2,4,3,3,2,4,7,'2025-05-16 14:09:10','2025-08-12 17:52:46',0,1,1.00),(32,1894,'PN_Z01_032',2,2,2,5,3,2,3,2,5,7,'2025-05-16 14:09:10','2025-08-12 17:52:46',0,1,0.54),(33,1891,'PN_Z01_033',1,3,2,5,1,3,3,3,5,7,'2025-05-16 14:09:10','2025-08-12 17:52:46',0,1,0.60),(34,1890,'PN_Z01_034',2,4,3,2,2,2,1,4,5,2,'2025-05-16 14:09:10','2025-08-12 17:52:46',0,1,0.65),(35,1889,'PN_Z01_035',2,4,3,2,4,2,1,4,4,7,'2025-05-16 14:09:10','2025-08-12 17:52:46',0,1,0.90),(36,1888,'PN_Z01_036',2,3,3,2,4,2,3,2,4,1,'2025-05-16 14:09:10','2025-08-12 17:52:46',0,1,1.00),(37,1887,'PN_Z01_037',1,3,3,2,3,3,3,2,5,7,'2025-05-16 14:09:11','2025-08-12 17:52:47',0,1,0.91),(38,1973,'PN_Z02_001',2,2,2,1,4,2,3,2,5,2,'2025-05-16 14:09:11','2025-08-12 17:52:47',0,1,0.67),(39,1974,'PN_Z02_002',2,1,3,2,4,2,3,3,5,1,'2025-05-16 14:09:11','2025-08-12 17:52:47',0,1,0.91),(40,1975,'PN_Z02_003',2,3,3,2,4,2,3,2,5,1,'2025-05-16 14:09:11','2025-08-12 17:52:47',0,1,0.87),(41,1976,'PN_Z02_004',2,2,3,2,4,2,1,3,5,5,'2025-05-16 14:09:11','2025-08-12 17:52:47',0,1,0.91),(42,1977,'PN_Z02_005',2,2,3,2,4,2,1,2,4,5,'2025-05-16 14:09:11','2025-08-12 17:52:47',0,1,0.91),(43,1978,'PN_Z02_006',2,1,2,5,4,2,3,2,5,1,'2025-05-16 14:09:11','2025-08-12 17:52:47',0,1,0.60),(44,1979,'PN_Z02_007',2,4,3,2,4,2,1,4,4,2,'2025-05-16 14:09:11','2025-08-12 17:52:47',0,1,0.90),(45,1980,'PN_Z02_008',2,2,1,6,3,2,3,1,2,NULL,'2025-05-16 14:09:11','2025-08-12 17:52:47',0,1,0.00),(46,1981,'PN_Z02_009',1,2,1,6,3,2,2,1,2,NULL,'2025-05-16 14:09:11','2025-08-12 17:52:47',0,1,0.00),(47,1982,'PN_Z02_010',1,1,2,5,2,1,3,2,5,4,'2025-05-16 14:09:12','2025-08-12 17:52:47',0,1,0.61),(48,1983,'PN_Z02_011',1,3,3,2,2,2,1,4,5,4,'2025-05-16 14:09:12','2025-08-12 17:52:47',0,1,0.82),(49,1984,'PN_Z02_012',2,2,1,6,3,3,2,2,2,NULL,'2025-05-16 14:09:12','2025-08-12 17:52:48',0,1,0.00),(50,1985,'PN_Z02_013',2,3,3,2,4,2,3,2,5,6,'2025-05-16 14:09:12','2025-08-12 17:52:48',0,1,0.87),(51,1986,'PN_Z02_014',2,2,2,5,1,2,3,2,5,3,'2025-05-16 14:09:12','2025-08-12 17:52:48',0,1,0.52),(52,1987,'PN_Z02_015',2,1,2,5,4,2,3,2,5,2,'2025-05-16 14:09:12','2025-08-12 17:52:48',0,1,0.58),(53,1988,'PN_Z02_016',1,3,3,2,1,2,1,2,5,4,'2025-05-16 14:09:12','2025-08-12 17:52:48',0,1,0.91),(54,1989,'PN_Z02_017',2,4,2,5,4,2,2,1,1,1,'2025-05-16 14:09:12','2025-08-12 17:52:48',0,1,0.00),(55,1990,'PN_Z03_001',1,3,3,2,1,2,3,2,5,4,'2025-05-16 14:09:12','2025-08-12 17:52:48',0,1,0.70),(56,1998,'PN_Z03_002',2,2,1,1,4,2,3,2,2,NULL,'2025-05-16 14:09:13','2025-08-12 17:52:48',0,1,0.00),(57,1999,'PN_Z03_003',2,2,2,5,3,2,3,3,5,7,'2025-05-16 14:09:13','2025-08-12 17:52:48',0,1,0.42),(58,2000,'PN_Z03_004',1,3,3,2,4,2,1,2,4,4,'2025-05-16 14:09:13','2025-08-12 17:52:48',0,1,1.00),(59,2001,'PN_Z03_005',2,4,3,2,4,2,1,4,4,1,'2025-05-16 14:09:13','2025-08-12 17:52:48',0,1,0.90),(60,2002,'PN_Z03_006',1,2,3,2,4,3,3,2,5,4,'2025-05-16 14:09:13','2025-08-12 17:52:48',0,1,0.91),(61,2003,'PN_Z03_007',2,3,3,2,4,2,3,2,5,5,'2025-05-16 14:09:13','2025-08-12 17:52:49',0,1,0.69),(62,2004,'PN_Z03_008',1,4,3,2,4,2,1,4,4,7,'2025-05-16 14:09:13','2025-08-12 17:52:49',0,1,0.90),(63,2005,'PN_Z03_009',1,2,3,2,4,2,3,2,5,7,'2025-05-16 14:09:13','2025-08-12 17:52:49',0,1,0.91),(64,2006,'PN_Z03_010',1,2,3,2,4,2,3,3,5,4,'2025-05-16 14:09:13','2025-08-12 17:52:49',0,1,0.67),(65,2007,'PN_Z03_011',2,3,3,2,4,2,1,2,4,2,'2025-05-16 14:09:14','2025-08-12 17:52:49',0,1,1.00),(66,2008,'PN_Z03_012',2,2,2,5,4,2,3,2,5,1,'2025-05-16 14:09:14','2025-08-12 17:52:49',0,1,0.67),(67,2009,'PN_Z03_013',2,3,3,2,4,2,1,3,4,1,'2025-05-16 14:09:14','2025-08-12 17:52:49',0,1,1.00),(68,2010,'PN_Z03_014',1,4,3,2,4,2,1,4,4,7,'2025-05-16 14:09:14','2025-08-12 17:52:49',0,1,0.90),(69,2011,'PN_Z03_015',2,4,3,2,2,2,1,3,5,2,'2025-05-16 14:09:14','2025-08-12 17:52:49',0,1,0.91),(70,2012,'PN_Z03_016',2,3,3,2,4,2,1,3,4,1,'2025-05-16 14:09:14','2025-08-12 17:52:49',0,1,1.00),(71,2013,'PN_Z03_017',1,3,3,2,4,2,1,4,4,7,'2025-05-16 14:09:14','2025-08-12 17:52:49',0,1,0.90),(72,2014,'PN_Z03_018',2,2,3,3,4,2,3,2,5,1,'2025-05-16 14:09:14','2025-08-12 17:52:49',0,1,0.67),(73,2015,'PN_Z03_019',2,3,3,2,4,2,1,2,5,3,'2025-05-16 14:09:14','2025-08-12 17:52:50',0,1,0.74),(74,2016,'PN_Z03_020',1,3,3,2,4,2,1,4,4,7,'2025-05-16 14:09:15','2025-08-12 17:52:50',0,1,0.90),(75,2017,'PN_Z03_021',1,3,3,2,3,3,3,2,5,4,'2025-05-16 14:09:15','2025-08-12 17:52:50',0,0,0.91),(76,2018,'PN_Z03_022',1,4,3,2,1,2,1,4,5,4,'2025-05-16 14:09:15','2025-08-12 17:52:50',0,0,0.82),(77,2019,'PN_Z03_023',1,2,3,2,1,2,3,2,5,4,'2025-05-16 14:09:15','2025-08-12 17:52:50',0,0,0.54),(78,1912,'PN_Z05_001',2,2,1,2,3,2,3,1,1,NULL,'2025-05-16 14:09:15','2025-08-12 17:52:50',0,0,0.00),(79,1913,'PN_Z05_002',1,2,1,1,1,2,3,1,2,NULL,'2025-05-16 14:09:15','2025-08-12 17:52:50',0,0,0.00),(80,1914,'PN_Z05_003',1,2,1,6,1,2,3,1,2,NULL,'2025-05-16 14:09:15','2025-08-12 17:52:50',0,0,0.00),(81,1915,'PN_Z05_004',2,2,1,1,1,2,3,1,2,NULL,'2025-05-16 14:09:16','2025-08-12 17:52:50',0,0,0.00),(82,1916,'PN_Z05_005',1,3,3,2,4,2,1,3,4,4,'2025-05-16 14:09:16','2025-08-12 17:52:50',0,0,1.00),(83,1917,'PN_Z05_006',2,2,1,2,3,2,3,1,1,NULL,'2025-05-16 14:09:16','2025-08-12 17:52:50',0,0,0.00),(84,1918,'PN_Z05_007',1,3,3,2,4,3,1,3,4,4,'2025-05-16 14:09:16','2025-08-12 17:52:50',0,0,1.00),(85,1919,'PN_Z05_008',1,3,3,2,2,2,3,3,5,4,'2025-05-16 14:09:16','2025-08-12 17:52:51',0,0,0.91),(86,1920,'PN_Z05_009',1,2,3,2,2,2,3,2,5,4,'2025-05-16 14:09:16','2025-08-12 17:52:51',0,0,0.71),(87,1921,'PN_Z05_010',1,1,3,2,2,3,3,3,5,4,'2025-05-16 14:09:16','2025-08-12 17:52:51',0,0,0.82),(88,1922,'PN_Z05_011',2,2,1,1,1,2,3,2,2,NULL,'2025-05-16 14:09:16','2025-08-12 17:52:51',0,0,0.00),(89,1895,'PN_Z06_001',1,3,3,2,2,2,1,3,5,4,'2025-05-16 14:09:16','2025-08-12 17:52:51',0,0,0.91),(90,1896,'PN_Z06_002',1,3,3,2,4,2,1,3,4,4,'2025-05-16 14:09:17','2025-08-12 17:52:51',0,0,1.00),(91,1897,'PN_Z06_003',1,3,3,2,1,2,1,3,5,4,'2025-05-16 14:09:17','2025-08-12 17:52:51',0,0,0.91),(92,1898,'PN_Z06_004',2,2,1,1,1,2,3,1,2,NULL,'2025-05-16 14:09:17','2025-08-12 17:52:51',0,0,0.00),(93,1899,'PN_Z06_005',1,3,3,2,5,2,1,4,4,4,'2025-05-16 14:09:17','2025-08-12 17:52:51',0,0,0.90),(94,1900,'PN_Z06_006',1,2,1,6,3,3,3,3,2,NULL,'2025-05-16 14:09:17','2025-08-12 17:52:51',0,0,0.00),(95,1901,'PN_Z06_007',1,3,3,2,3,2,1,3,5,4,'2025-05-16 14:09:17','2025-08-12 17:52:51',0,0,0.91),(96,1902,'PN_Z06_008',1,4,3,2,4,3,1,4,4,4,'2025-05-16 14:09:17','2025-08-12 17:52:51',0,0,0.90),(97,1903,'PN_Z06_009',2,2,1,1,3,2,3,1,2,NULL,'2025-05-16 14:09:17','2025-08-12 17:52:52',0,0,0.00),(98,1904,'PN_Z06_010',1,4,3,2,5,2,1,4,4,4,'2025-05-16 14:09:17','2025-08-12 17:52:52',0,0,0.90),(99,1905,'PN_Z06_011',1,3,3,2,2,2,1,3,5,4,'2025-05-16 14:09:18','2025-08-12 17:52:52',0,0,0.91),(100,1906,'PN_Z06_012',1,2,1,6,3,3,3,3,2,NULL,'2025-05-16 14:09:18','2025-08-12 17:52:52',0,0,0.00),(101,1907,'PN_Z06_013',1,3,3,2,2,2,1,3,5,4,'2025-05-16 14:09:18','2025-08-12 17:52:52',0,0,0.91),(102,1908,'PN_Z06_014',1,3,3,2,2,2,1,3,5,4,'2025-05-16 14:09:18','2025-08-12 17:52:52',0,0,0.91),(103,1909,'PN_Z06_015',2,2,1,6,3,2,2,2,2,NULL,'2025-05-16 14:09:18','2025-08-12 17:52:52',0,0,0.00),(104,1910,'PN_Z06_016',1,2,1,2,4,2,3,1,5,4,'2025-05-16 14:09:18','2025-08-12 17:52:52',0,0,0.64),(105,1911,'PN_Z06_017',1,2,1,1,1,2,3,2,2,NULL,'2025-05-16 14:09:18','2025-08-12 17:52:52',0,0,0.00);
/*!40000 ALTER TABLE `building` ENABLE KEYS */;
UNLOCK TABLES;

--
-- Table structure for table `building_conservation`
--

DROP TABLE IF EXISTS `building_conservation`;
/*!40101 SET @saved_cs_client     = @@character_set_client */;
/*!50503 SET character_set_client = utf8mb4 */;
CREATE TABLE `building_conservation` (
  `id` int unsigned NOT NULL AUTO_INCREMENT,
  `ConservationId` int NOT NULL,
  `BuildingId` int unsigned NOT NULL,
  `createdAt` datetime NOT NULL DEFAULT CURRENT_TIMESTAMP,
  `updatedAt` datetime NOT NULL DEFAULT CURRENT_TIMESTAMP ON UPDATE CURRENT_TIMESTAMP,
  PRIMARY KEY (`id`),
  UNIQUE KEY `building_conservation_building_id_conservation_id_uk` (`BuildingId`,`ConservationId`),
  KEY `building_conservation_conservation_id_fk` (`ConservationId`),
  CONSTRAINT `building_conservation_building_id_fk` FOREIGN KEY (`BuildingId`) REFERENCES `building` (`id`),
  CONSTRAINT `building_conservation_conservation_id_fk` FOREIGN KEY (`ConservationId`) REFERENCES `conservation` (`id`)
) ENGINE=InnoDB AUTO_INCREMENT=600 DEFAULT CHARSET=utf8mb4 COLLATE=utf8mb4_0900_ai_ci;
/*!40101 SET character_set_client = @saved_cs_client */;

--
-- Dumping data for table `building_conservation`
--

LOCK TABLES `building_conservation` WRITE;
/*!40000 ALTER TABLE `building_conservation` DISABLE KEYS */;
INSERT INTO `building_conservation` VALUES (1,2,1,'2025-08-11 22:25:34','2025-08-11 22:25:34'),(2,12,1,'2025-08-11 22:25:34','2025-08-11 22:25:34'),(3,13,1,'2025-08-11 22:25:35','2025-08-11 22:25:35'),(4,1,2,'2025-08-11 22:25:35','2025-08-11 22:25:35'),(5,2,2,'2025-08-11 22:25:35','2025-08-11 22:25:35'),(6,3,2,'2025-08-11 22:25:35','2025-08-11 22:25:35'),(7,4,2,'2025-08-11 22:25:35','2025-08-11 22:25:35'),(8,5,2,'2025-08-11 22:25:35','2025-08-11 22:25:35'),(9,6,2,'2025-08-11 22:25:35','2025-08-11 22:25:35'),(10,7,2,'2025-08-11 22:25:35','2025-08-11 22:25:35'),(11,26,2,'2025-08-11 22:25:35','2025-08-11 22:25:35'),(12,5,3,'2025-08-11 22:25:35','2025-08-11 22:25:35'),(13,6,3,'2025-08-11 22:25:35','2025-08-11 22:25:35'),(14,7,3,'2025-08-11 22:25:35','2025-08-11 22:25:35'),(15,8,3,'2025-08-11 22:25:36','2025-08-11 22:25:36'),(16,9,3,'2025-08-11 22:25:36','2025-08-11 22:25:36'),(17,10,3,'2025-08-11 22:25:36','2025-08-11 22:25:36'),(18,11,3,'2025-08-11 22:25:36','2025-08-11 22:25:36'),(19,27,3,'2025-08-11 22:25:36','2025-08-11 22:25:36'),(20,1,4,'2025-08-11 22:25:36','2025-08-11 22:25:36'),(21,2,4,'2025-08-11 22:25:36','2025-08-11 22:25:36'),(22,3,4,'2025-08-11 22:25:36','2025-08-11 22:25:36'),(23,4,4,'2025-08-11 22:25:36','2025-08-11 22:25:36'),(24,5,4,'2025-08-11 22:25:36','2025-08-11 22:25:36'),(25,6,4,'2025-08-11 22:25:36','2025-08-11 22:25:36'),(26,26,4,'2025-08-11 22:25:36','2025-08-11 22:25:36'),(27,16,5,'2025-08-11 22:25:37','2025-08-11 22:25:37'),(28,17,5,'2025-08-11 22:25:37','2025-08-11 22:25:37'),(29,19,5,'2025-08-11 22:25:37','2025-08-11 22:25:37'),(30,20,5,'2025-08-11 22:25:37','2025-08-11 22:25:37'),(31,16,6,'2025-08-11 22:25:37','2025-08-11 22:25:37'),(32,17,6,'2025-08-11 22:25:37','2025-08-11 22:25:37'),(33,19,6,'2025-08-11 22:25:37','2025-08-11 22:25:37'),(34,20,6,'2025-08-11 22:25:37','2025-08-11 22:25:37'),(35,16,7,'2025-08-11 22:25:37','2025-08-11 22:25:37'),(36,17,7,'2025-08-11 22:25:37','2025-08-11 22:25:37'),(37,19,7,'2025-08-11 22:25:37','2025-08-11 22:25:37'),(38,20,7,'2025-08-11 22:25:38','2025-08-11 22:25:38'),(39,5,8,'2025-08-11 22:25:38','2025-08-11 22:25:38'),(40,7,8,'2025-08-11 22:25:38','2025-08-11 22:25:38'),(41,8,8,'2025-08-11 22:25:38','2025-08-11 22:25:38'),(42,9,8,'2025-08-11 22:25:38','2025-08-11 22:25:38'),(43,10,8,'2025-08-11 22:25:38','2025-08-11 22:25:38'),(44,11,8,'2025-08-11 22:25:38','2025-08-11 22:25:38'),(45,27,8,'2025-08-11 22:25:38','2025-08-11 22:25:38'),(46,5,9,'2025-08-11 22:25:38','2025-08-11 22:25:38'),(47,8,9,'2025-08-11 22:25:38','2025-08-11 22:25:38'),(48,9,9,'2025-08-11 22:25:38','2025-08-11 22:25:38'),(49,10,9,'2025-08-11 22:25:38','2025-08-11 22:25:38'),(50,11,9,'2025-08-11 22:25:39','2025-08-11 22:25:39'),(51,21,9,'2025-08-11 22:25:39','2025-08-11 22:25:39'),(52,27,9,'2025-08-11 22:25:39','2025-08-11 22:25:39'),(53,1,10,'2025-08-11 22:25:39','2025-08-11 22:25:39'),(54,2,10,'2025-08-11 22:25:39','2025-08-11 22:25:39'),(55,3,10,'2025-08-11 22:25:39','2025-08-11 22:25:39'),(56,4,10,'2025-08-11 22:25:39','2025-08-11 22:25:39'),(57,5,10,'2025-08-11 22:25:39','2025-08-11 22:25:39'),(58,1,11,'2025-08-11 22:25:39','2025-08-11 22:25:39'),(59,2,11,'2025-08-11 22:25:39','2025-08-11 22:25:39'),(60,3,11,'2025-08-11 22:25:39','2025-08-11 22:25:39'),(61,4,11,'2025-08-11 22:25:39','2025-08-11 22:25:39'),(62,5,11,'2025-08-11 22:25:40','2025-08-11 22:25:40'),(63,5,12,'2025-08-11 22:25:40','2025-08-11 22:25:40'),(64,7,12,'2025-08-11 22:25:40','2025-08-11 22:25:40'),(65,8,12,'2025-08-11 22:25:40','2025-08-11 22:25:40'),(66,9,12,'2025-08-11 22:25:40','2025-08-11 22:25:40'),(67,10,12,'2025-08-11 22:25:40','2025-08-11 22:25:40'),(68,11,12,'2025-08-11 22:25:40','2025-08-11 22:25:40'),(69,27,12,'2025-08-11 22:25:40','2025-08-11 22:25:40'),(70,5,13,'2025-08-11 22:25:40','2025-08-11 22:25:40'),(71,6,13,'2025-08-11 22:25:40','2025-08-11 22:25:40'),(72,7,13,'2025-08-11 22:25:40','2025-08-11 22:25:40'),(73,8,13,'2025-08-11 22:25:41','2025-08-11 22:25:41'),(74,9,13,'2025-08-11 22:25:41','2025-08-11 22:25:41'),(75,10,13,'2025-08-11 22:25:41','2025-08-11 22:25:41'),(76,11,13,'2025-08-11 22:25:41','2025-08-11 22:25:41'),(77,26,13,'2025-08-11 22:25:41','2025-08-11 22:25:41'),(78,27,13,'2025-08-11 22:25:41','2025-08-11 22:25:41'),(79,1,14,'2025-08-11 22:25:41','2025-08-11 22:25:41'),(80,2,14,'2025-08-11 22:25:41','2025-08-11 22:25:41'),(81,3,14,'2025-08-11 22:25:41','2025-08-11 22:25:41'),(82,4,14,'2025-08-11 22:25:41','2025-08-11 22:25:41'),(83,5,14,'2025-08-11 22:25:41','2025-08-11 22:25:41'),(84,5,15,'2025-08-11 22:25:41','2025-08-11 22:25:41'),(85,8,15,'2025-08-11 22:25:42','2025-08-11 22:25:42'),(86,9,15,'2025-08-11 22:25:42','2025-08-11 22:25:42'),(87,10,15,'2025-08-11 22:25:42','2025-08-11 22:25:42'),(88,11,15,'2025-08-11 22:25:42','2025-08-11 22:25:42'),(89,5,17,'2025-08-11 22:25:42','2025-08-11 22:25:42'),(90,7,17,'2025-08-11 22:25:42','2025-08-11 22:25:42'),(91,8,17,'2025-08-11 22:25:42','2025-08-11 22:25:42'),(92,9,17,'2025-08-11 22:25:42','2025-08-11 22:25:42'),(93,10,17,'2025-08-11 22:25:42','2025-08-11 22:25:42'),(94,11,17,'2025-08-11 22:25:42','2025-08-11 22:25:42'),(95,27,17,'2025-08-11 22:25:42','2025-08-11 22:25:42'),(96,5,18,'2025-08-11 22:25:42','2025-08-11 22:25:42'),(97,6,18,'2025-08-11 22:25:43','2025-08-11 22:25:43'),(98,7,18,'2025-08-11 22:25:43','2025-08-11 22:25:43'),(99,8,18,'2025-08-11 22:25:43','2025-08-11 22:25:43'),(100,9,18,'2025-08-11 22:25:43','2025-08-11 22:25:43'),(101,10,18,'2025-08-11 22:25:43','2025-08-11 22:25:43'),(102,11,18,'2025-08-11 22:25:43','2025-08-11 22:25:43'),(103,27,18,'2025-08-11 22:25:43','2025-08-11 22:25:43'),(104,1,19,'2025-08-11 22:25:43','2025-08-11 22:25:43'),(105,2,19,'2025-08-11 22:25:43','2025-08-11 22:25:43'),(106,3,19,'2025-08-11 22:25:43','2025-08-11 22:25:43'),(107,4,19,'2025-08-11 22:25:43','2025-08-11 22:25:43'),(108,5,19,'2025-08-11 22:25:44','2025-08-11 22:25:44'),(109,6,19,'2025-08-11 22:25:44','2025-08-11 22:25:44'),(110,7,19,'2025-08-11 22:25:44','2025-08-11 22:25:44'),(111,26,19,'2025-08-11 22:25:44','2025-08-11 22:25:44'),(112,1,20,'2025-08-11 22:25:44','2025-08-11 22:25:44'),(113,2,20,'2025-08-11 22:25:44','2025-08-11 22:25:44'),(114,3,20,'2025-08-11 22:25:44','2025-08-11 22:25:44'),(115,4,20,'2025-08-11 22:25:44','2025-08-11 22:25:44'),(116,5,20,'2025-08-11 22:25:44','2025-08-11 22:25:44'),(117,6,20,'2025-08-11 22:25:44','2025-08-11 22:25:44'),(118,26,20,'2025-08-11 22:25:44','2025-08-11 22:25:44'),(119,5,21,'2025-08-11 22:25:44','2025-08-11 22:25:44'),(120,6,21,'2025-08-11 22:25:45','2025-08-11 22:25:45'),(121,7,21,'2025-08-11 22:25:45','2025-08-11 22:25:45'),(122,8,21,'2025-08-11 22:25:45','2025-08-11 22:25:45'),(123,9,21,'2025-08-11 22:25:45','2025-08-11 22:25:45'),(124,10,21,'2025-08-11 22:25:45','2025-08-11 22:25:45'),(125,11,21,'2025-08-11 22:25:45','2025-08-11 22:25:45'),(126,26,21,'2025-08-11 22:25:45','2025-08-11 22:25:45'),(127,27,21,'2025-08-11 22:25:45','2025-08-11 22:25:45'),(128,5,22,'2025-08-11 22:25:45','2025-08-11 22:25:45'),(129,6,22,'2025-08-11 22:25:45','2025-08-11 22:25:45'),(130,7,22,'2025-08-11 22:25:45','2025-08-11 22:25:45'),(131,8,22,'2025-08-11 22:25:46','2025-08-11 22:25:46'),(132,9,22,'2025-08-11 22:25:46','2025-08-11 22:25:46'),(133,10,22,'2025-08-11 22:25:46','2025-08-11 22:25:46'),(134,11,22,'2025-08-11 22:25:46','2025-08-11 22:25:46'),(135,26,22,'2025-08-11 22:25:46','2025-08-11 22:25:46'),(136,27,22,'2025-08-11 22:25:46','2025-08-11 22:25:46'),(137,1,24,'2025-08-11 22:25:46','2025-08-11 22:25:46'),(138,2,24,'2025-08-11 22:25:46','2025-08-11 22:25:46'),(139,3,24,'2025-08-11 22:25:46','2025-08-11 22:25:46'),(140,4,24,'2025-08-11 22:25:46','2025-08-11 22:25:46'),(141,5,24,'2025-08-11 22:25:46','2025-08-11 22:25:46'),(142,6,24,'2025-08-11 22:25:46','2025-08-11 22:25:46'),(143,7,24,'2025-08-11 22:25:47','2025-08-11 22:25:47'),(144,26,24,'2025-08-11 22:25:47','2025-08-11 22:25:47'),(145,5,25,'2025-08-11 22:25:47','2025-08-11 22:25:47'),(146,8,25,'2025-08-11 22:25:47','2025-08-11 22:25:47'),(147,9,25,'2025-08-11 22:25:47','2025-08-11 22:25:47'),(148,10,25,'2025-08-11 22:25:47','2025-08-11 22:25:47'),(149,11,25,'2025-08-11 22:25:47','2025-08-11 22:25:47'),(150,5,26,'2025-08-11 22:25:47','2025-08-11 22:25:47'),(151,6,26,'2025-08-11 22:25:47','2025-08-11 22:25:47'),(152,7,26,'2025-08-11 22:25:47','2025-08-11 22:25:47'),(153,8,26,'2025-08-11 22:25:47','2025-08-11 22:25:47'),(154,9,26,'2025-08-11 22:25:48','2025-08-11 22:25:48'),(155,10,26,'2025-08-11 22:25:48','2025-08-11 22:25:48'),(156,11,26,'2025-08-11 22:25:48','2025-08-11 22:25:48'),(157,27,26,'2025-08-11 22:25:48','2025-08-11 22:25:48'),(158,5,27,'2025-08-11 22:25:48','2025-08-11 22:25:48'),(159,6,27,'2025-08-11 22:25:48','2025-08-11 22:25:48'),(160,7,27,'2025-08-11 22:25:48','2025-08-11 22:25:48'),(161,8,27,'2025-08-11 22:25:48','2025-08-11 22:25:48'),(162,9,27,'2025-08-11 22:25:48','2025-08-11 22:25:48'),(163,10,27,'2025-08-11 22:25:48','2025-08-11 22:25:48'),(164,11,27,'2025-08-11 22:25:48','2025-08-11 22:25:48'),(165,26,27,'2025-08-11 22:25:48','2025-08-11 22:25:48'),(166,27,27,'2025-08-11 22:25:49','2025-08-11 22:25:49'),(167,16,28,'2025-08-11 22:25:49','2025-08-11 22:25:49'),(168,17,28,'2025-08-11 22:25:49','2025-08-11 22:25:49'),(169,19,28,'2025-08-11 22:25:49','2025-08-11 22:25:49'),(170,20,28,'2025-08-11 22:25:49','2025-08-11 22:25:49'),(171,27,29,'2025-08-11 22:25:49','2025-08-11 22:25:49'),(172,5,30,'2025-08-11 22:25:49','2025-08-11 22:25:49'),(173,6,30,'2025-08-11 22:25:49','2025-08-11 22:25:49'),(174,7,30,'2025-08-11 22:25:49','2025-08-11 22:25:49'),(175,8,30,'2025-08-11 22:25:49','2025-08-11 22:25:49'),(176,9,30,'2025-08-11 22:25:49','2025-08-11 22:25:49'),(177,10,30,'2025-08-11 22:25:49','2025-08-11 22:25:49'),(178,11,30,'2025-08-11 22:25:50','2025-08-11 22:25:50'),(179,27,30,'2025-08-11 22:25:50','2025-08-11 22:25:50'),(180,1,31,'2025-08-11 22:25:50','2025-08-11 22:25:50'),(181,2,31,'2025-08-11 22:25:50','2025-08-11 22:25:50'),(182,3,31,'2025-08-11 22:25:50','2025-08-11 22:25:50'),(183,4,31,'2025-08-11 22:25:50','2025-08-11 22:25:50'),(184,5,31,'2025-08-11 22:25:50','2025-08-11 22:25:50'),(185,5,32,'2025-08-11 22:25:50','2025-08-11 22:25:50'),(186,8,32,'2025-08-11 22:25:50','2025-08-11 22:25:50'),(187,9,32,'2025-08-11 22:25:50','2025-08-11 22:25:50'),(188,10,32,'2025-08-11 22:25:50','2025-08-11 22:25:50'),(189,11,32,'2025-08-11 22:25:51','2025-08-11 22:25:51'),(190,21,32,'2025-08-11 22:25:51','2025-08-11 22:25:51'),(191,27,32,'2025-08-11 22:25:51','2025-08-11 22:25:51'),(192,5,33,'2025-08-11 22:25:51','2025-08-11 22:25:51'),(193,6,33,'2025-08-11 22:25:51','2025-08-11 22:25:51'),(194,7,33,'2025-08-11 22:25:51','2025-08-11 22:25:51'),(195,8,33,'2025-08-11 22:25:51','2025-08-11 22:25:51'),(196,9,33,'2025-08-11 22:25:51','2025-08-11 22:25:51'),(197,10,33,'2025-08-11 22:25:51','2025-08-11 22:25:51'),(198,11,33,'2025-08-11 22:25:51','2025-08-11 22:25:51'),(199,27,33,'2025-08-11 22:25:51','2025-08-11 22:25:51'),(200,6,34,'2025-08-11 22:25:51','2025-08-11 22:25:51'),(201,9,34,'2025-08-11 22:25:52','2025-08-11 22:25:52'),(202,16,34,'2025-08-11 22:25:52','2025-08-11 22:25:52'),(203,17,34,'2025-08-11 22:25:52','2025-08-11 22:25:52'),(204,19,34,'2025-08-11 22:25:52','2025-08-11 22:25:52'),(205,20,34,'2025-08-11 22:25:52','2025-08-11 22:25:52'),(206,16,35,'2025-08-11 22:25:52','2025-08-11 22:25:52'),(207,17,35,'2025-08-11 22:25:52','2025-08-11 22:25:52'),(208,18,35,'2025-08-11 22:25:52','2025-08-11 22:25:52'),(209,1,36,'2025-08-11 22:25:52','2025-08-11 22:25:52'),(210,2,36,'2025-08-11 22:25:52','2025-08-11 22:25:52'),(211,3,36,'2025-08-11 22:25:52','2025-08-11 22:25:52'),(212,4,36,'2025-08-11 22:25:52','2025-08-11 22:25:52'),(213,5,36,'2025-08-11 22:25:53','2025-08-11 22:25:53'),(214,1,37,'2025-08-11 22:25:53','2025-08-11 22:25:53'),(215,2,37,'2025-08-11 22:25:53','2025-08-11 22:25:53'),(216,3,37,'2025-08-11 22:25:53','2025-08-11 22:25:53'),(217,4,37,'2025-08-11 22:25:53','2025-08-11 22:25:53'),(218,5,37,'2025-08-11 22:25:53','2025-08-11 22:25:53'),(219,6,37,'2025-08-11 22:25:53','2025-08-11 22:25:53'),(220,26,37,'2025-08-11 22:25:53','2025-08-11 22:25:53'),(221,5,38,'2025-08-11 22:25:53','2025-08-11 22:25:53'),(222,7,38,'2025-08-11 22:25:53','2025-08-11 22:25:53'),(223,8,38,'2025-08-11 22:25:53','2025-08-11 22:25:53'),(224,9,38,'2025-08-11 22:25:54','2025-08-11 22:25:54'),(225,10,38,'2025-08-11 22:25:54','2025-08-11 22:25:54'),(226,11,38,'2025-08-11 22:25:54','2025-08-11 22:25:54'),(227,21,38,'2025-08-11 22:25:54','2025-08-11 22:25:54'),(228,27,38,'2025-08-11 22:25:54','2025-08-11 22:25:54'),(229,1,39,'2025-08-11 22:25:54','2025-08-11 22:25:54'),(230,2,39,'2025-08-11 22:25:54','2025-08-11 22:25:54'),(231,3,39,'2025-08-11 22:25:54','2025-08-11 22:25:54'),(232,4,39,'2025-08-11 22:25:54','2025-08-11 22:25:54'),(233,5,39,'2025-08-11 22:25:54','2025-08-11 22:25:54'),(234,7,39,'2025-08-11 22:25:54','2025-08-11 22:25:54'),(235,5,40,'2025-08-11 22:25:54','2025-08-11 22:25:54'),(236,8,40,'2025-08-11 22:25:55','2025-08-11 22:25:55'),(237,9,40,'2025-08-11 22:25:55','2025-08-11 22:25:55'),(238,10,40,'2025-08-11 22:25:55','2025-08-11 22:25:55'),(239,11,40,'2025-08-11 22:25:55','2025-08-11 22:25:55'),(240,1,41,'2025-08-11 22:25:55','2025-08-11 22:25:55'),(241,2,41,'2025-08-11 22:25:55','2025-08-11 22:25:55'),(242,3,41,'2025-08-11 22:25:55','2025-08-11 22:25:55'),(243,4,41,'2025-08-11 22:25:55','2025-08-11 22:25:55'),(244,5,41,'2025-08-11 22:25:55','2025-08-11 22:25:55'),(245,7,41,'2025-08-11 22:25:55','2025-08-11 22:25:55'),(246,1,42,'2025-08-11 22:25:55','2025-08-11 22:25:55'),(247,2,42,'2025-08-11 22:25:55','2025-08-11 22:25:55'),(248,3,42,'2025-08-11 22:25:56','2025-08-11 22:25:56'),(249,4,42,'2025-08-11 22:25:56','2025-08-11 22:25:56'),(250,5,42,'2025-08-11 22:25:56','2025-08-11 22:25:56'),(251,7,42,'2025-08-11 22:25:56','2025-08-11 22:25:56'),(252,5,43,'2025-08-11 22:25:56','2025-08-11 22:25:56'),(253,7,43,'2025-08-11 22:25:56','2025-08-11 22:25:56'),(254,8,43,'2025-08-11 22:25:56','2025-08-11 22:25:56'),(255,9,43,'2025-08-11 22:25:56','2025-08-11 22:25:56'),(256,10,43,'2025-08-11 22:25:56','2025-08-11 22:25:56'),(257,11,43,'2025-08-11 22:25:56','2025-08-11 22:25:56'),(258,27,43,'2025-08-11 22:25:56','2025-08-11 22:25:56'),(259,16,44,'2025-08-11 22:25:56','2025-08-11 22:25:56'),(260,17,44,'2025-08-11 22:25:57','2025-08-11 22:25:57'),(261,18,44,'2025-08-11 22:25:57','2025-08-11 22:25:57'),(262,21,45,'2025-08-11 22:25:57','2025-08-11 22:25:57'),(263,22,45,'2025-08-11 22:25:57','2025-08-11 22:25:57'),(264,23,45,'2025-08-11 22:25:57','2025-08-11 22:25:57'),(265,24,45,'2025-08-11 22:25:57','2025-08-11 22:25:57'),(266,21,46,'2025-08-11 22:25:57','2025-08-11 22:25:57'),(267,22,46,'2025-08-11 22:25:57','2025-08-11 22:25:57'),(268,23,46,'2025-08-11 22:25:57','2025-08-11 22:25:57'),(269,24,46,'2025-08-11 22:25:57','2025-08-11 22:25:57'),(270,2,47,'2025-08-11 22:25:57','2025-08-11 22:25:57'),(271,6,47,'2025-08-11 22:25:58','2025-08-11 22:25:58'),(272,7,47,'2025-08-11 22:25:58','2025-08-11 22:25:58'),(273,12,47,'2025-08-11 22:25:58','2025-08-11 22:25:58'),(274,14,47,'2025-08-11 22:25:58','2025-08-11 22:25:58'),(275,15,47,'2025-08-11 22:25:58','2025-08-11 22:25:58'),(276,26,47,'2025-08-11 22:25:58','2025-08-11 22:25:58'),(277,6,48,'2025-08-11 22:25:58','2025-08-11 22:25:58'),(278,16,48,'2025-08-11 22:25:58','2025-08-11 22:25:58'),(279,17,48,'2025-08-11 22:25:58','2025-08-11 22:25:58'),(280,19,48,'2025-08-11 22:25:58','2025-08-11 22:25:58'),(281,20,48,'2025-08-11 22:25:58','2025-08-11 22:25:58'),(282,26,48,'2025-08-11 22:25:58','2025-08-11 22:25:58'),(283,21,49,'2025-08-11 22:25:59','2025-08-11 22:25:59'),(284,22,49,'2025-08-11 22:25:59','2025-08-11 22:25:59'),(285,23,49,'2025-08-11 22:25:59','2025-08-11 22:25:59'),(286,24,49,'2025-08-11 22:25:59','2025-08-11 22:25:59'),(287,5,50,'2025-08-11 22:25:59','2025-08-11 22:25:59'),(288,8,50,'2025-08-11 22:25:59','2025-08-11 22:25:59'),(289,9,50,'2025-08-11 22:25:59','2025-08-11 22:25:59'),(290,10,50,'2025-08-11 22:25:59','2025-08-11 22:25:59'),(291,11,50,'2025-08-11 22:25:59','2025-08-11 22:25:59'),(292,5,51,'2025-08-11 22:25:59','2025-08-11 22:25:59'),(293,6,51,'2025-08-11 22:25:59','2025-08-11 22:25:59'),(294,7,51,'2025-08-11 22:25:59','2025-08-11 22:25:59'),(295,8,51,'2025-08-11 22:26:00','2025-08-11 22:26:00'),(296,9,51,'2025-08-11 22:26:00','2025-08-11 22:26:00'),(297,10,51,'2025-08-11 22:26:00','2025-08-11 22:26:00'),(298,11,51,'2025-08-11 22:26:00','2025-08-11 22:26:00'),(299,26,51,'2025-08-11 22:26:00','2025-08-11 22:26:00'),(300,27,51,'2025-08-11 22:26:00','2025-08-11 22:26:00'),(301,5,52,'2025-08-11 22:26:00','2025-08-11 22:26:00'),(302,6,52,'2025-08-11 22:26:00','2025-08-11 22:26:00'),(303,7,52,'2025-08-11 22:26:00','2025-08-11 22:26:00'),(304,8,52,'2025-08-11 22:26:00','2025-08-11 22:26:00'),(305,9,52,'2025-08-11 22:26:00','2025-08-11 22:26:00'),(306,10,52,'2025-08-11 22:26:01','2025-08-11 22:26:01'),(307,11,52,'2025-08-11 22:26:01','2025-08-11 22:26:01'),(308,26,52,'2025-08-11 22:26:01','2025-08-11 22:26:01'),(309,27,52,'2025-08-11 22:26:01','2025-08-11 22:26:01'),(310,1,53,'2025-08-11 22:26:01','2025-08-11 22:26:01'),(311,2,53,'2025-08-11 22:26:01','2025-08-11 22:26:01'),(312,3,53,'2025-08-11 22:26:01','2025-08-11 22:26:01'),(313,4,53,'2025-08-11 22:26:01','2025-08-11 22:26:01'),(314,5,53,'2025-08-11 22:26:01','2025-08-11 22:26:01'),(315,6,53,'2025-08-11 22:26:01','2025-08-11 22:26:01'),(316,26,53,'2025-08-11 22:26:01','2025-08-11 22:26:01'),(317,22,54,'2025-08-11 22:26:01','2025-08-11 22:26:01'),(318,23,54,'2025-08-11 22:26:02','2025-08-11 22:26:02'),(319,24,54,'2025-08-11 22:26:02','2025-08-11 22:26:02'),(320,25,54,'2025-08-11 22:26:02','2025-08-11 22:26:02'),(321,21,56,'2025-08-11 22:26:02','2025-08-11 22:26:02'),(322,22,56,'2025-08-11 22:26:02','2025-08-11 22:26:02'),(323,23,56,'2025-08-11 22:26:02','2025-08-11 22:26:02'),(324,24,56,'2025-08-11 22:26:03','2025-08-11 22:26:03'),(325,5,57,'2025-08-11 22:26:03','2025-08-11 22:26:03'),(326,6,57,'2025-08-11 22:26:03','2025-08-11 22:26:03'),(327,7,57,'2025-08-11 22:26:03','2025-08-11 22:26:03'),(328,8,57,'2025-08-11 22:26:03','2025-08-11 22:26:03'),(329,9,57,'2025-08-11 22:26:03','2025-08-11 22:26:03'),(330,10,57,'2025-08-11 22:26:03','2025-08-11 22:26:03'),(331,11,57,'2025-08-11 22:26:03','2025-08-11 22:26:03'),(332,26,57,'2025-08-11 22:26:03','2025-08-11 22:26:03'),(333,27,57,'2025-08-11 22:26:03','2025-08-11 22:26:03'),(334,1,58,'2025-08-11 22:26:03','2025-08-11 22:26:03'),(335,2,58,'2025-08-11 22:26:04','2025-08-11 22:26:04'),(336,3,58,'2025-08-11 22:26:04','2025-08-11 22:26:04'),(337,4,58,'2025-08-11 22:26:04','2025-08-11 22:26:04'),(338,5,58,'2025-08-11 22:26:04','2025-08-11 22:26:04'),(339,16,59,'2025-08-11 22:26:04','2025-08-11 22:26:04'),(340,17,59,'2025-08-11 22:26:04','2025-08-11 22:26:04'),(341,19,59,'2025-08-11 22:26:04','2025-08-11 22:26:04'),(342,20,59,'2025-08-11 22:26:04','2025-08-11 22:26:04'),(343,1,60,'2025-08-11 22:26:04','2025-08-11 22:26:04'),(344,2,60,'2025-08-11 22:26:04','2025-08-11 22:26:04'),(345,3,60,'2025-08-11 22:26:04','2025-08-11 22:26:04'),(346,4,60,'2025-08-11 22:26:04','2025-08-11 22:26:04'),(347,5,60,'2025-08-11 22:26:05','2025-08-11 22:26:05'),(348,7,60,'2025-08-11 22:26:05','2025-08-11 22:26:05'),(349,5,61,'2025-08-11 22:26:05','2025-08-11 22:26:05'),(350,8,61,'2025-08-11 22:26:05','2025-08-11 22:26:05'),(351,9,61,'2025-08-11 22:26:05','2025-08-11 22:26:05'),(352,10,61,'2025-08-11 22:26:05','2025-08-11 22:26:05'),(353,11,61,'2025-08-11 22:26:05','2025-08-11 22:26:05'),(354,16,62,'2025-08-11 22:26:05','2025-08-11 22:26:05'),(355,17,62,'2025-08-11 22:26:05','2025-08-11 22:26:05'),(356,18,62,'2025-08-11 22:26:05','2025-08-11 22:26:05'),(357,1,63,'2025-08-11 22:26:05','2025-08-11 22:26:05'),(358,2,63,'2025-08-11 22:26:06','2025-08-11 22:26:06'),(359,3,63,'2025-08-11 22:26:06','2025-08-11 22:26:06'),(360,4,63,'2025-08-11 22:26:06','2025-08-11 22:26:06'),(361,5,63,'2025-08-11 22:26:06','2025-08-11 22:26:06'),(362,7,63,'2025-08-11 22:26:06','2025-08-11 22:26:06'),(363,5,64,'2025-08-11 22:26:06','2025-08-11 22:26:06'),(364,7,64,'2025-08-11 22:26:06','2025-08-11 22:26:06'),(365,8,64,'2025-08-11 22:26:06','2025-08-11 22:26:06'),(366,9,64,'2025-08-11 22:26:06','2025-08-11 22:26:06'),(367,10,64,'2025-08-11 22:26:06','2025-08-11 22:26:06'),(368,11,64,'2025-08-11 22:26:06','2025-08-11 22:26:06'),(369,1,65,'2025-08-11 22:26:06','2025-08-11 22:26:06'),(370,2,65,'2025-08-11 22:26:07','2025-08-11 22:26:07'),(371,3,65,'2025-08-11 22:26:07','2025-08-11 22:26:07'),(372,4,65,'2025-08-11 22:26:07','2025-08-11 22:26:07'),(373,5,65,'2025-08-11 22:26:07','2025-08-11 22:26:07'),(374,5,66,'2025-08-11 22:26:07','2025-08-11 22:26:07'),(375,7,66,'2025-08-11 22:26:07','2025-08-11 22:26:07'),(376,8,66,'2025-08-11 22:26:07','2025-08-11 22:26:07'),(377,9,66,'2025-08-11 22:26:07','2025-08-11 22:26:07'),(378,10,66,'2025-08-11 22:26:07','2025-08-11 22:26:07'),(379,11,66,'2025-08-11 22:26:07','2025-08-11 22:26:07'),(380,26,66,'2025-08-11 22:26:07','2025-08-11 22:26:07'),(381,27,66,'2025-08-11 22:26:07','2025-08-11 22:26:07'),(382,1,67,'2025-08-11 22:26:08','2025-08-11 22:26:08'),(383,2,67,'2025-08-11 22:26:08','2025-08-11 22:26:08'),(384,3,67,'2025-08-11 22:26:08','2025-08-11 22:26:08'),(385,4,67,'2025-08-11 22:26:08','2025-08-11 22:26:08'),(386,5,67,'2025-08-11 22:26:08','2025-08-11 22:26:08'),(387,16,68,'2025-08-11 22:26:08','2025-08-11 22:26:08'),(388,17,68,'2025-08-11 22:26:08','2025-08-11 22:26:08'),(389,19,68,'2025-08-11 22:26:08','2025-08-11 22:26:08'),(390,20,68,'2025-08-11 22:26:08','2025-08-11 22:26:08'),(391,1,69,'2025-08-11 22:26:08','2025-08-11 22:26:08'),(392,2,69,'2025-08-11 22:26:08','2025-08-11 22:26:08'),(393,3,69,'2025-08-11 22:26:09','2025-08-11 22:26:09'),(394,4,69,'2025-08-11 22:26:09','2025-08-11 22:26:09'),(395,5,69,'2025-08-11 22:26:09','2025-08-11 22:26:09'),(396,6,69,'2025-08-11 22:26:09','2025-08-11 22:26:09'),(397,26,69,'2025-08-11 22:26:09','2025-08-11 22:26:09'),(398,1,70,'2025-08-11 22:26:09','2025-08-11 22:26:09'),(399,2,70,'2025-08-11 22:26:09','2025-08-11 22:26:09'),(400,3,70,'2025-08-11 22:26:09','2025-08-11 22:26:09'),(401,4,70,'2025-08-11 22:26:09','2025-08-11 22:26:09'),(402,5,70,'2025-08-11 22:26:09','2025-08-11 22:26:09'),(403,16,71,'2025-08-11 22:26:09','2025-08-11 22:26:09'),(404,17,71,'2025-08-11 22:26:09','2025-08-11 22:26:09'),(405,19,71,'2025-08-11 22:26:10','2025-08-11 22:26:10'),(406,20,71,'2025-08-11 22:26:10','2025-08-11 22:26:10'),(407,1,72,'2025-08-11 22:26:10','2025-08-11 22:26:10'),(408,2,72,'2025-08-11 22:26:10','2025-08-11 22:26:10'),(409,3,72,'2025-08-11 22:26:10','2025-08-11 22:26:10'),(410,4,72,'2025-08-11 22:26:10','2025-08-11 22:26:10'),(411,5,72,'2025-08-11 22:26:10','2025-08-11 22:26:10'),(412,6,72,'2025-08-11 22:26:10','2025-08-11 22:26:10'),(413,7,72,'2025-08-11 22:26:10','2025-08-11 22:26:10'),(414,26,72,'2025-08-11 22:26:10','2025-08-11 22:26:10'),(415,5,73,'2025-08-11 22:26:10','2025-08-11 22:26:10'),(416,6,73,'2025-08-11 22:26:10','2025-08-11 22:26:10'),(417,7,73,'2025-08-11 22:26:11','2025-08-11 22:26:11'),(418,8,73,'2025-08-11 22:26:11','2025-08-11 22:26:11'),(419,9,73,'2025-08-11 22:26:11','2025-08-11 22:26:11'),(420,10,73,'2025-08-11 22:26:11','2025-08-11 22:26:11'),(421,11,73,'2025-08-11 22:26:11','2025-08-11 22:26:11'),(422,26,73,'2025-08-11 22:26:11','2025-08-11 22:26:11'),(423,27,73,'2025-08-11 22:26:11','2025-08-11 22:26:11'),(424,16,74,'2025-08-11 22:26:11','2025-08-11 22:26:11'),(425,17,74,'2025-08-11 22:26:11','2025-08-11 22:26:11'),(426,18,74,'2025-08-11 22:26:11','2025-08-11 22:26:11'),(427,1,75,'2025-08-11 22:26:11','2025-08-11 22:26:11'),(428,2,75,'2025-08-11 22:26:12','2025-08-11 22:26:12'),(429,3,75,'2025-08-11 22:26:12','2025-08-11 22:26:12'),(430,4,75,'2025-08-11 22:26:12','2025-08-11 22:26:12'),(431,5,75,'2025-08-11 22:26:12','2025-08-11 22:26:12'),(432,6,75,'2025-08-11 22:26:12','2025-08-11 22:26:12'),(433,26,75,'2025-08-11 22:26:12','2025-08-11 22:26:12'),(434,6,76,'2025-08-11 22:26:12','2025-08-11 22:26:12'),(435,16,76,'2025-08-11 22:26:12','2025-08-11 22:26:12'),(436,17,76,'2025-08-11 22:26:12','2025-08-11 22:26:12'),(437,19,76,'2025-08-11 22:26:12','2025-08-11 22:26:12'),(438,20,76,'2025-08-11 22:26:12','2025-08-11 22:26:12'),(439,26,76,'2025-08-11 22:26:12','2025-08-11 22:26:12'),(440,5,77,'2025-08-11 22:26:13','2025-08-11 22:26:13'),(441,6,77,'2025-08-11 22:26:13','2025-08-11 22:26:13'),(442,7,77,'2025-08-11 22:26:13','2025-08-11 22:26:13'),(443,8,77,'2025-08-11 22:26:13','2025-08-11 22:26:13'),(444,9,77,'2025-08-11 22:26:13','2025-08-11 22:26:13'),(445,10,77,'2025-08-11 22:26:13','2025-08-11 22:26:13'),(446,11,77,'2025-08-11 22:26:13','2025-08-11 22:26:13'),(447,22,78,'2025-08-11 22:26:13','2025-08-11 22:26:13'),(448,23,78,'2025-08-11 22:26:13','2025-08-11 22:26:13'),(449,24,78,'2025-08-11 22:26:13','2025-08-11 22:26:13'),(450,25,78,'2025-08-11 22:26:13','2025-08-11 22:26:13'),(451,21,79,'2025-08-11 22:26:13','2025-08-11 22:26:13'),(452,22,79,'2025-08-11 22:26:14','2025-08-11 22:26:14'),(453,23,79,'2025-08-11 22:26:14','2025-08-11 22:26:14'),(454,24,79,'2025-08-11 22:26:14','2025-08-11 22:26:14'),(455,21,80,'2025-08-11 22:26:14','2025-08-11 22:26:14'),(456,22,80,'2025-08-11 22:26:14','2025-08-11 22:26:14'),(457,23,80,'2025-08-11 22:26:14','2025-08-11 22:26:14'),(458,24,80,'2025-08-11 22:26:14','2025-08-11 22:26:14'),(459,21,81,'2025-08-11 22:26:14','2025-08-11 22:26:14'),(460,22,81,'2025-08-11 22:26:14','2025-08-11 22:26:14'),(461,23,81,'2025-08-11 22:26:14','2025-08-11 22:26:14'),(462,24,81,'2025-08-11 22:26:14','2025-08-11 22:26:14'),(463,1,82,'2025-08-11 22:26:15','2025-08-11 22:26:15'),(464,2,82,'2025-08-11 22:26:15','2025-08-11 22:26:15'),(465,3,82,'2025-08-11 22:26:15','2025-08-11 22:26:15'),(466,4,82,'2025-08-11 22:26:15','2025-08-11 22:26:15'),(467,5,82,'2025-08-11 22:26:15','2025-08-11 22:26:15'),(468,22,83,'2025-08-11 22:26:15','2025-08-11 22:26:15'),(469,23,83,'2025-08-11 22:26:15','2025-08-11 22:26:15'),(470,24,83,'2025-08-11 22:26:15','2025-08-11 22:26:15'),(471,25,83,'2025-08-11 22:26:15','2025-08-11 22:26:15'),(472,1,84,'2025-08-11 22:26:15','2025-08-11 22:26:15'),(473,2,84,'2025-08-11 22:26:15','2025-08-11 22:26:15'),(474,3,84,'2025-08-11 22:26:15','2025-08-11 22:26:15'),(475,4,84,'2025-08-11 22:26:16','2025-08-11 22:26:16'),(476,5,84,'2025-08-11 22:26:16','2025-08-11 22:26:16'),(477,1,85,'2025-08-11 22:26:16','2025-08-11 22:26:16'),(478,2,85,'2025-08-11 22:26:16','2025-08-11 22:26:16'),(479,3,85,'2025-08-11 22:26:16','2025-08-11 22:26:16'),(480,4,85,'2025-08-11 22:26:16','2025-08-11 22:26:16'),(481,5,85,'2025-08-11 22:26:16','2025-08-11 22:26:16'),(482,6,85,'2025-08-11 22:26:16','2025-08-11 22:26:16'),(483,26,85,'2025-08-11 22:26:16','2025-08-11 22:26:16'),(484,6,86,'2025-08-11 22:26:16','2025-08-11 22:26:16'),(485,7,86,'2025-08-11 22:26:16','2025-08-11 22:26:16'),(486,26,86,'2025-08-11 22:26:16','2025-08-11 22:26:16'),(487,1,87,'2025-08-11 22:26:17','2025-08-11 22:26:17'),(488,2,87,'2025-08-11 22:26:17','2025-08-11 22:26:17'),(489,3,87,'2025-08-11 22:26:17','2025-08-11 22:26:17'),(490,4,87,'2025-08-11 22:26:17','2025-08-11 22:26:17'),(491,5,87,'2025-08-11 22:26:17','2025-08-11 22:26:17'),(492,6,87,'2025-08-11 22:26:17','2025-08-11 22:26:17'),(493,7,87,'2025-08-11 22:26:17','2025-08-11 22:26:17'),(494,26,87,'2025-08-11 22:26:17','2025-08-11 22:26:17'),(495,21,88,'2025-08-11 22:26:17','2025-08-11 22:26:17'),(496,22,88,'2025-08-11 22:26:17','2025-08-11 22:26:17'),(497,23,88,'2025-08-11 22:26:17','2025-08-11 22:26:17'),(498,24,88,'2025-08-11 22:26:18','2025-08-11 22:26:18'),(499,1,89,'2025-08-11 22:26:18','2025-08-11 22:26:18'),(500,2,89,'2025-08-11 22:26:18','2025-08-11 22:26:18'),(501,3,89,'2025-08-11 22:26:18','2025-08-11 22:26:18'),(502,4,89,'2025-08-11 22:26:18','2025-08-11 22:26:18'),(503,5,89,'2025-08-11 22:26:18','2025-08-11 22:26:18'),(504,6,89,'2025-08-11 22:26:18','2025-08-11 22:26:18'),(505,26,89,'2025-08-11 22:26:18','2025-08-11 22:26:18'),(506,1,90,'2025-08-11 22:26:18','2025-08-11 22:26:18'),(507,2,90,'2025-08-11 22:26:18','2025-08-11 22:26:18'),(508,3,90,'2025-08-11 22:26:18','2025-08-11 22:26:18'),(509,4,90,'2025-08-11 22:26:18','2025-08-11 22:26:18'),(510,5,90,'2025-08-11 22:26:19','2025-08-11 22:26:19'),(511,1,91,'2025-08-11 22:26:19','2025-08-11 22:26:19'),(512,2,91,'2025-08-11 22:26:19','2025-08-11 22:26:19'),(513,3,91,'2025-08-11 22:26:19','2025-08-11 22:26:19'),(514,4,91,'2025-08-11 22:26:19','2025-08-11 22:26:19'),(515,5,91,'2025-08-11 22:26:19','2025-08-11 22:26:19'),(516,6,91,'2025-08-11 22:26:19','2025-08-11 22:26:19'),(517,26,91,'2025-08-11 22:26:19','2025-08-11 22:26:19'),(518,21,92,'2025-08-11 22:26:19','2025-08-11 22:26:19'),(519,22,92,'2025-08-11 22:26:19','2025-08-11 22:26:19'),(520,23,92,'2025-08-11 22:26:19','2025-08-11 22:26:19'),(521,24,92,'2025-08-11 22:26:19','2025-08-11 22:26:19'),(522,16,93,'2025-08-11 22:26:20','2025-08-11 22:26:20'),(523,17,93,'2025-08-11 22:26:20','2025-08-11 22:26:20'),(524,19,93,'2025-08-11 22:26:20','2025-08-11 22:26:20'),(525,20,93,'2025-08-11 22:26:20','2025-08-11 22:26:20'),(526,21,94,'2025-08-11 22:26:20','2025-08-11 22:26:20'),(527,22,94,'2025-08-11 22:26:20','2025-08-11 22:26:20'),(528,23,94,'2025-08-11 22:26:20','2025-08-11 22:26:20'),(529,24,94,'2025-08-11 22:26:20','2025-08-11 22:26:20'),(530,1,95,'2025-08-11 22:26:20','2025-08-11 22:26:20'),(531,2,95,'2025-08-11 22:26:20','2025-08-11 22:26:20'),(532,3,95,'2025-08-11 22:26:20','2025-08-11 22:26:20'),(533,4,95,'2025-08-11 22:26:21','2025-08-11 22:26:21'),(534,5,95,'2025-08-11 22:26:21','2025-08-11 22:26:21'),(535,6,95,'2025-08-11 22:26:21','2025-08-11 22:26:21'),(536,26,95,'2025-08-11 22:26:21','2025-08-11 22:26:21'),(537,1,96,'2025-08-11 22:26:21','2025-08-11 22:26:21'),(538,2,96,'2025-08-11 22:26:21','2025-08-11 22:26:21'),(539,3,96,'2025-08-11 22:26:21','2025-08-11 22:26:21'),(540,4,96,'2025-08-11 22:26:21','2025-08-11 22:26:21'),(541,5,96,'2025-08-11 22:26:21','2025-08-11 22:26:21'),(542,21,97,'2025-08-11 22:26:21','2025-08-11 22:26:21'),(543,22,97,'2025-08-11 22:26:21','2025-08-11 22:26:21'),(544,23,97,'2025-08-11 22:26:21','2025-08-11 22:26:21'),(545,24,97,'2025-08-11 22:26:22','2025-08-11 22:26:22'),(546,16,98,'2025-08-11 22:26:22','2025-08-11 22:26:22'),(547,17,98,'2025-08-11 22:26:22','2025-08-11 22:26:22'),(548,18,98,'2025-08-11 22:26:22','2025-08-11 22:26:22'),(549,1,99,'2025-08-11 22:26:22','2025-08-11 22:26:22'),(550,2,99,'2025-08-11 22:26:22','2025-08-11 22:26:22'),(551,3,99,'2025-08-11 22:26:22','2025-08-11 22:26:22'),(552,4,99,'2025-08-11 22:26:22','2025-08-11 22:26:22'),(553,5,99,'2025-08-11 22:26:22','2025-08-11 22:26:22'),(554,6,99,'2025-08-11 22:26:22','2025-08-11 22:26:22'),(555,26,99,'2025-08-11 22:26:22','2025-08-11 22:26:22'),(556,21,100,'2025-08-11 22:26:22','2025-08-11 22:26:22'),(557,22,100,'2025-08-11 22:26:23','2025-08-11 22:26:23'),(558,23,100,'2025-08-11 22:26:23','2025-08-11 22:26:23'),(559,24,100,'2025-08-11 22:26:23','2025-08-11 22:26:23'),(560,1,101,'2025-08-11 22:26:23','2025-08-11 22:26:23'),(561,2,101,'2025-08-11 22:26:23','2025-08-11 22:26:23'),(562,3,101,'2025-08-11 22:26:23','2025-08-11 22:26:23'),(563,4,101,'2025-08-11 22:26:23','2025-08-11 22:26:23'),(564,5,101,'2025-08-11 22:26:23','2025-08-11 22:26:23'),(565,6,101,'2025-08-11 22:26:23','2025-08-11 22:26:23'),(566,26,101,'2025-08-11 22:26:23','2025-08-11 22:26:23'),(567,1,102,'2025-08-11 22:26:23','2025-08-11 22:26:23'),(568,2,102,'2025-08-11 22:26:24','2025-08-11 22:26:24'),(569,3,102,'2025-08-11 22:26:24','2025-08-11 22:26:24'),(570,4,102,'2025-08-11 22:26:24','2025-08-11 22:26:24'),(571,5,102,'2025-08-11 22:26:24','2025-08-11 22:26:24'),(572,6,102,'2025-08-11 22:26:24','2025-08-11 22:26:24'),(573,26,102,'2025-08-11 22:26:24','2025-08-11 22:26:24'),(574,21,103,'2025-08-11 22:26:24','2025-08-11 22:26:24'),(575,22,103,'2025-08-11 22:26:24','2025-08-11 22:26:24'),(576,23,103,'2025-08-11 22:26:24','2025-08-11 22:26:24'),(577,24,103,'2025-08-11 22:26:24','2025-08-11 22:26:24'),(578,21,105,'2025-08-11 22:26:24','2025-08-11 22:26:24'),(579,22,105,'2025-08-11 22:26:24','2025-08-11 22:26:24'),(580,23,105,'2025-08-11 22:26:25','2025-08-11 22:26:25'),(581,24,105,'2025-08-11 22:26:25','2025-08-11 22:26:25');
/*!40000 ALTER TABLE `building_conservation` ENABLE KEYS */;
UNLOCK TABLES;

--
-- Table structure for table `building_intervention`
--

DROP TABLE IF EXISTS `building_intervention`;
/*!40101 SET @saved_cs_client     = @@character_set_client */;
/*!50503 SET character_set_client = utf8mb4 */;
CREATE TABLE `building_intervention` (
  `id` int unsigned NOT NULL AUTO_INCREMENT,
  `InterventionId` int NOT NULL,
  `BuildingId` int unsigned NOT NULL,
  `createdAt` datetime NOT NULL DEFAULT CURRENT_TIMESTAMP,
  `updatedAt` datetime NOT NULL DEFAULT CURRENT_TIMESTAMP ON UPDATE CURRENT_TIMESTAMP,
  PRIMARY KEY (`id`),
  UNIQUE KEY `building_intervention_building_id_intervention_id_uk` (`BuildingId`,`InterventionId`),
  KEY `building_intervention_intervention_id_fk` (`InterventionId`),
  CONSTRAINT `building_intervention_building_id_fk` FOREIGN KEY (`BuildingId`) REFERENCES `building` (`id`),
  CONSTRAINT `building_intervention_intervention_id_fk` FOREIGN KEY (`InterventionId`) REFERENCES `intervention` (`id`)
) ENGINE=InnoDB AUTO_INCREMENT=173 DEFAULT CHARSET=utf8mb4 COLLATE=utf8mb4_0900_ai_ci;
/*!40101 SET character_set_client = @saved_cs_client */;

--
-- Dumping data for table `building_intervention`
--

LOCK TABLES `building_intervention` WRITE;
/*!40000 ALTER TABLE `building_intervention` DISABLE KEYS */;
INSERT INTO `building_intervention` VALUES (1,1,2,'2025-05-16 16:42:16','2025-05-16 16:42:16'),(2,2,2,'2025-05-16 16:42:16','2025-05-16 16:42:16'),(3,1,3,'2025-05-16 16:42:16','2025-05-16 16:42:16'),(4,2,3,'2025-05-16 16:42:16','2025-05-16 16:42:16'),(5,3,3,'2025-05-16 16:42:16','2025-05-16 16:42:16'),(6,5,3,'2025-05-16 16:42:16','2025-05-16 16:42:16'),(7,6,3,'2025-05-16 16:42:16','2025-05-16 16:42:16'),(8,2,4,'2025-05-16 16:42:16','2025-05-16 16:42:16'),(9,1,8,'2025-05-16 16:42:16','2025-05-16 16:42:16'),(10,2,8,'2025-05-16 16:42:16','2025-05-16 16:42:16'),(11,3,8,'2025-05-16 16:42:16','2025-05-16 16:42:16'),(12,5,8,'2025-05-16 16:42:17','2025-05-16 16:42:17'),(13,6,8,'2025-05-16 16:42:17','2025-05-16 16:42:17'),(14,1,9,'2025-05-16 16:42:17','2025-05-16 16:42:17'),(15,2,9,'2025-05-16 16:42:17','2025-05-16 16:42:17'),(16,4,9,'2025-05-16 16:42:17','2025-05-16 16:42:17'),(17,5,9,'2025-05-16 16:42:17','2025-05-16 16:42:17'),(18,6,9,'2025-05-16 16:42:17','2025-05-16 16:42:17'),(19,1,12,'2025-05-16 16:42:17','2025-05-16 16:42:17'),(20,3,12,'2025-05-16 16:42:17','2025-05-16 16:42:17'),(21,4,12,'2025-05-16 16:42:17','2025-05-16 16:42:17'),(22,6,12,'2025-05-16 16:42:17','2025-05-16 16:42:17'),(23,1,13,'2025-05-16 16:42:18','2025-05-16 16:42:18'),(24,3,13,'2025-05-16 16:42:18','2025-05-16 16:42:18'),(25,5,13,'2025-05-16 16:42:18','2025-05-16 16:42:18'),(26,6,13,'2025-05-16 16:42:18','2025-05-16 16:42:18'),(27,3,15,'2025-05-16 16:42:18','2025-05-16 16:42:18'),(28,2,16,'2025-05-16 16:42:18','2025-05-16 16:42:18'),(29,3,16,'2025-05-16 16:42:18','2025-05-16 16:42:18'),(30,1,17,'2025-05-16 16:42:18','2025-05-16 16:42:18'),(31,2,17,'2025-05-16 16:42:18','2025-05-16 16:42:18'),(32,3,17,'2025-05-16 16:42:18','2025-05-16 16:42:18'),(33,4,17,'2025-05-16 16:42:18','2025-05-16 16:42:18'),(34,6,17,'2025-05-16 16:42:19','2025-05-16 16:42:19'),(35,1,18,'2025-05-16 16:42:19','2025-05-16 16:42:19'),(36,2,18,'2025-05-16 16:42:19','2025-05-16 16:42:19'),(37,3,18,'2025-05-16 16:42:19','2025-05-16 16:42:19'),(38,4,18,'2025-05-16 16:42:19','2025-05-16 16:42:19'),(39,6,18,'2025-05-16 16:42:19','2025-05-16 16:42:19'),(40,1,19,'2025-05-16 16:42:19','2025-05-16 16:42:19'),(41,2,19,'2025-05-16 16:42:19','2025-05-16 16:42:19'),(42,2,20,'2025-05-16 16:42:19','2025-05-16 16:42:19'),(43,1,21,'2025-05-16 16:42:19','2025-05-16 16:42:19'),(44,2,21,'2025-05-16 16:42:20','2025-05-16 16:42:20'),(45,4,21,'2025-05-16 16:42:20','2025-05-16 16:42:20'),(46,5,21,'2025-05-16 16:42:20','2025-05-16 16:42:20'),(47,6,21,'2025-05-16 16:42:20','2025-05-16 16:42:20'),(48,1,22,'2025-05-16 16:42:20','2025-05-16 16:42:20'),(49,2,22,'2025-05-16 16:42:20','2025-05-16 16:42:20'),(50,4,22,'2025-05-16 16:42:20','2025-05-16 16:42:20'),(51,5,22,'2025-05-16 16:42:20','2025-05-16 16:42:20'),(52,6,22,'2025-05-16 16:42:20','2025-05-16 16:42:20'),(53,2,23,'2025-05-16 16:42:20','2025-05-16 16:42:20'),(54,6,23,'2025-05-16 16:42:20','2025-05-16 16:42:20'),(55,1,24,'2025-05-16 16:42:21','2025-05-16 16:42:21'),(56,2,24,'2025-05-16 16:42:21','2025-05-16 16:42:21'),(57,3,25,'2025-05-16 16:42:21','2025-05-16 16:42:21'),(58,4,25,'2025-05-16 16:42:21','2025-05-16 16:42:21'),(59,5,25,'2025-05-16 16:42:21','2025-05-16 16:42:21'),(60,1,26,'2025-05-16 16:42:21','2025-05-16 16:42:21'),(61,4,26,'2025-05-16 16:42:21','2025-05-16 16:42:21'),(62,5,26,'2025-05-16 16:42:21','2025-05-16 16:42:21'),(63,6,26,'2025-05-16 16:42:21','2025-05-16 16:42:21'),(64,1,27,'2025-05-16 16:42:21','2025-05-16 16:42:21'),(65,2,27,'2025-05-16 16:42:21','2025-05-16 16:42:21'),(66,3,27,'2025-05-16 16:42:22','2025-05-16 16:42:22'),(67,4,27,'2025-05-16 16:42:22','2025-05-16 16:42:22'),(68,6,27,'2025-05-16 16:42:22','2025-05-16 16:42:22'),(69,1,29,'2025-05-16 16:42:22','2025-05-16 16:42:22'),(70,2,29,'2025-05-16 16:42:22','2025-05-16 16:42:22'),(71,3,29,'2025-05-16 16:42:22','2025-05-16 16:42:22'),(72,4,29,'2025-05-16 16:42:22','2025-05-16 16:42:22'),(73,5,29,'2025-05-16 16:42:22','2025-05-16 16:42:22'),(74,6,29,'2025-05-16 16:42:22','2025-05-16 16:42:22'),(75,1,30,'2025-05-16 16:42:22','2025-05-16 16:42:22'),(76,2,30,'2025-05-16 16:42:23','2025-05-16 16:42:23'),(77,3,30,'2025-05-16 16:42:23','2025-05-16 16:42:23'),(78,4,30,'2025-05-16 16:42:23','2025-05-16 16:42:23'),(79,5,30,'2025-05-16 16:42:23','2025-05-16 16:42:23'),(80,6,30,'2025-05-16 16:42:23','2025-05-16 16:42:23'),(81,1,32,'2025-05-16 16:42:23','2025-05-16 16:42:23'),(82,2,32,'2025-05-16 16:42:23','2025-05-16 16:42:23'),(83,4,32,'2025-05-16 16:42:23','2025-05-16 16:42:23'),(84,6,32,'2025-05-16 16:42:23','2025-05-16 16:42:23'),(85,2,33,'2025-05-16 16:42:23','2025-05-16 16:42:23'),(86,4,33,'2025-05-16 16:42:23','2025-05-16 16:42:23'),(87,6,33,'2025-05-16 16:42:24','2025-05-16 16:42:24'),(88,2,34,'2025-05-16 16:42:24','2025-05-16 16:42:24'),(89,5,34,'2025-05-16 16:42:24','2025-05-16 16:42:24'),(90,2,37,'2025-05-16 16:42:24','2025-05-16 16:42:24'),(91,1,38,'2025-05-16 16:42:24','2025-05-16 16:42:24'),(92,6,38,'2025-05-16 16:42:24','2025-05-16 16:42:24'),(93,1,39,'2025-05-16 16:42:24','2025-05-16 16:42:24'),(94,3,40,'2025-05-16 16:42:24','2025-05-16 16:42:24'),(95,4,40,'2025-05-16 16:42:24','2025-05-16 16:42:24'),(96,1,41,'2025-05-16 16:42:24','2025-05-16 16:42:24'),(97,1,42,'2025-05-16 16:42:24','2025-05-16 16:42:24'),(98,1,43,'2025-05-16 16:42:25','2025-05-16 16:42:25'),(99,4,43,'2025-05-16 16:42:25','2025-05-16 16:42:25'),(100,6,43,'2025-05-16 16:42:25','2025-05-16 16:42:25'),(101,1,47,'2025-05-16 16:42:25','2025-05-16 16:42:25'),(102,2,47,'2025-05-16 16:42:25','2025-05-16 16:42:25'),(103,6,47,'2025-05-16 16:42:25','2025-05-16 16:42:25'),(104,2,48,'2025-05-16 16:42:25','2025-05-16 16:42:25'),(105,3,50,'2025-05-16 16:42:25','2025-05-16 16:42:25'),(106,4,50,'2025-05-16 16:42:25','2025-05-16 16:42:25'),(107,1,51,'2025-05-16 16:42:25','2025-05-16 16:42:25'),(108,2,51,'2025-05-16 16:42:25','2025-05-16 16:42:25'),(109,3,51,'2025-05-16 16:42:26','2025-05-16 16:42:26'),(110,4,51,'2025-05-16 16:42:26','2025-05-16 16:42:26'),(111,6,51,'2025-05-16 16:42:26','2025-05-16 16:42:26'),(112,1,52,'2025-05-16 16:42:26','2025-05-16 16:42:26'),(113,3,52,'2025-05-16 16:42:26','2025-05-16 16:42:26'),(114,4,52,'2025-05-16 16:42:26','2025-05-16 16:42:26'),(115,6,52,'2025-05-16 16:42:26','2025-05-16 16:42:26'),(116,2,53,'2025-05-16 16:42:26','2025-05-16 16:42:26'),(117,2,55,'2025-05-16 16:42:26','2025-05-16 16:42:26'),(118,3,55,'2025-05-16 16:42:26','2025-05-16 16:42:26'),(119,4,55,'2025-05-16 16:42:27','2025-05-16 16:42:27'),(120,1,57,'2025-05-16 16:42:27','2025-05-16 16:42:27'),(121,2,57,'2025-05-16 16:42:27','2025-05-16 16:42:27'),(122,3,57,'2025-05-16 16:42:27','2025-05-16 16:42:27'),(123,5,57,'2025-05-16 16:42:27','2025-05-16 16:42:27'),(124,6,57,'2025-05-16 16:42:27','2025-05-16 16:42:27'),(125,1,60,'2025-05-16 16:42:27','2025-05-16 16:42:27'),(126,3,61,'2025-05-16 16:42:27','2025-05-16 16:42:27'),(127,5,61,'2025-05-16 16:42:27','2025-05-16 16:42:27'),(128,1,63,'2025-05-16 16:42:27','2025-05-16 16:42:27'),(129,1,64,'2025-05-16 16:42:27','2025-05-16 16:42:27'),(130,6,64,'2025-05-16 16:42:28','2025-05-16 16:42:28'),(131,1,66,'2025-05-16 16:42:28','2025-05-16 16:42:28'),(132,6,66,'2025-05-16 16:42:28','2025-05-16 16:42:28'),(133,2,69,'2025-05-16 16:42:28','2025-05-16 16:42:28'),(134,1,72,'2025-05-16 16:42:28','2025-05-16 16:42:28'),(135,6,72,'2025-05-16 16:42:28','2025-05-16 16:42:28'),(136,6,73,'2025-05-16 16:42:28','2025-05-16 16:42:28'),(137,2,75,'2025-05-16 16:42:28','2025-05-16 16:42:28'),(138,2,76,'2025-05-16 16:42:28','2025-05-16 16:42:28'),(139,1,77,'2025-05-16 16:42:28','2025-05-16 16:42:28'),(140,2,77,'2025-05-16 16:42:28','2025-05-16 16:42:28'),(141,4,77,'2025-05-16 16:42:29','2025-05-16 16:42:29'),(142,6,77,'2025-05-16 16:42:29','2025-05-16 16:42:29'),(143,2,85,'2025-05-16 16:42:29','2025-05-16 16:42:29'),(144,1,86,'2025-05-16 16:42:29','2025-05-16 16:42:29'),(145,2,86,'2025-05-16 16:42:29','2025-05-16 16:42:29'),(146,3,86,'2025-05-16 16:42:29','2025-05-16 16:42:29'),(147,1,87,'2025-05-16 16:42:29','2025-05-16 16:42:29'),(148,2,87,'2025-05-16 16:42:29','2025-05-16 16:42:29'),(149,2,89,'2025-05-16 16:42:29','2025-05-16 16:42:29'),(150,2,91,'2025-05-16 16:42:29','2025-05-16 16:42:29'),(151,2,95,'2025-05-16 16:42:29','2025-05-16 16:42:29'),(152,2,99,'2025-05-16 16:42:30','2025-05-16 16:42:30'),(153,2,101,'2025-05-16 16:42:30','2025-05-16 16:42:30'),(154,2,102,'2025-05-16 16:42:30','2025-05-16 16:42:30'),(155,1,104,'2025-05-16 16:42:30','2025-05-16 16:42:30'),(156,4,104,'2025-05-16 16:42:30','2025-05-16 16:42:30'),(157,5,104,'2025-05-16 16:42:30','2025-05-16 16:42:30');
/*!40000 ALTER TABLE `building_intervention` ENABLE KEYS */;
UNLOCK TABLES;

--
-- Table structure for table `conservation`
--

DROP TABLE IF EXISTS `conservation`;
/*!40101 SET @saved_cs_client     = @@character_set_client */;
/*!50503 SET character_set_client = utf8mb4 */;
CREATE TABLE `conservation` (
  `id` int NOT NULL AUTO_INCREMENT,
  `description` varchar(255) NOT NULL,
  `createdAt` datetime NOT NULL DEFAULT CURRENT_TIMESTAMP,
  `updatedAt` datetime NOT NULL DEFAULT CURRENT_TIMESTAMP ON UPDATE CURRENT_TIMESTAMP,
  PRIMARY KEY (`id`)
) ENGINE=InnoDB AUTO_INCREMENT=28 DEFAULT CHARSET=utf8mb4 COLLATE=utf8mb4_0900_ai_ci;
/*!40101 SET character_set_client = @saved_cs_client */;

--
-- Dumping data for table `conservation`
--

LOCK TABLES `conservation` WRITE;
/*!40000 ALTER TABLE `conservation` DISABLE KEYS */;
INSERT INTO `conservation` VALUES (1,'Conservation should focus on preventing deterioration rather than substituting existing components','2025-08-11 16:59:26','2025-08-11 16:59:26'),(2,'Use traditional materials for maintenance, repairs, and reinforcement to minimize nonreversible modifications','2025-08-11 16:59:55','2025-08-11 16:59:55'),(3,'Prioritize reversible adaptations to maintain the buildings\' vernacular style if complex solutions are needed for technical or safety reasons','2025-08-11 17:00:39','2025-08-11 17:00:39'),(4,'Building modifications are acceptable if they serve purposes like continued family use, accessibility, or agriculture requirements. Any changes should be in line with the vernacular character of the village','2025-08-11 17:02:53','2025-08-11 17:02:53'),(5,'Volume additions must match the current footprint, height, and stories. The new additions should be clearly distinguishable from the original building and designed to visually complement it','2025-08-11 17:02:59','2025-08-11 17:02:59'),(6,'Substitute nontraditional tiles with stone slate tiles','2025-08-11 17:03:03','2025-08-11 17:03:03'),(7,'Substitute nontraditional doors and windows with wooden ones','2025-08-11 17:03:07','2025-08-11 17:03:07'),(8,'Preserve existing vernacular components','2025-08-11 17:03:11','2025-08-11 17:03:11'),(9,'Minimize the impact of existing alterations to restore part of the buildings cultural significance','2025-08-11 17:03:15','2025-08-11 17:03:15'),(10,'Nontraditional materials can be used for maintenance, repairs, and reinforcement in nonvernacular components, provided they dont damage existing vernacular elements','2025-08-11 17:03:23','2025-08-11 17:03:23'),(11,'Building modifications are acceptable if they conserve existing vernacular components. Any changes should be in line with the vernacular character of the village','2025-08-11 17:03:30','2025-08-11 17:03:30'),(12,'Conservation efforts must adhere to the principle of minimal intervention, unless a proposed intervention provides demonstrable community benefit','2025-08-11 17:03:37','2025-08-11 17:03:37'),(13,'Maintain the building\'s historical function','2025-08-11 17:04:12','2025-08-11 17:04:12'),(14,'Musealization can be implemented if the intention is to highlight the building\'s historical role in the community','2025-08-11 17:04:48','2025-08-11 17:04:48'),(15,'Preserve the building\'s historical use as much as feasible; explore other uses if they demonstrably improve community value','2025-08-11 17:05:25','2025-08-11 17:05:25'),(16,'Use reversible and traditional methods to stabilize and prevent collapse, where possible.','2025-08-11 17:05:37','2025-08-11 17:05:37'),(17,'Implement measures to reduce water infiltration and damage to the ruins','2025-08-11 17:05:41','2025-08-11 17:05:41'),(18,'Assess state of ruins to determine if they can be safely adaptable for public use','2025-08-11 17:05:46','2025-08-11 17:05:46'),(19,'Reconstruct using traditional methods and materials based on historical evidence','2025-08-11 17:05:50','2025-08-11 17:05:50'),(20,'Additions or adaptations may be considered if exact reconstruction isn\'t possible or functional requirements are needed, as long as they\'re clearly justified and do not compromise the village authenticity','2025-08-11 17:06:38','2025-08-11 17:06:38'),(21,'Incorporate vernacular architectural elements in the buildings, such as forms, proportions, materials, textures, and colors, to reduce visual and functional impacts and integrate them with local vernacular style','2025-08-11 17:06:56','2025-08-11 17:06:56'),(22,'Nontraditional materials can be used for maintenance, repairs, and reinforcement','2025-08-11 17:07:01','2025-08-11 17:07:01'),(23,'Building modifications are acceptable','2025-08-11 17:07:04','2025-08-11 17:07:04'),(24,'Volume additions must match the current footprint, height, and stories','2025-08-11 17:07:06','2025-08-11 17:07:06'),(25,'Incorporate vernacular architectural elements in the buildings, such as forms and proportions to reduce visual and functional impacts and integrate them with local vernacular style','2025-08-11 17:07:09','2025-08-11 17:07:09'),(26,'Evaluate if complete roof replacement, rather than simple repairs, may be necessary to preserve the vernacular character of the roof','2025-08-11 17:07:14','2025-08-11 17:07:14'),(27,'Evaluate cement-based renders to determine if they can be safely removed to reveal any underlying stonework','2025-08-11 17:07:18','2025-08-11 17:07:18');
/*!40000 ALTER TABLE `conservation` ENABLE KEYS */;
UNLOCK TABLES;

--
-- Table structure for table `conservation_level`
--

DROP TABLE IF EXISTS `conservation_level`;
/*!40101 SET @saved_cs_client     = @@character_set_client */;
/*!50503 SET character_set_client = utf8mb4 */;
CREATE TABLE `conservation_level` (
  `id` int NOT NULL AUTO_INCREMENT,
  `description` varchar(255) NOT NULL,
  `createdAt` datetime NOT NULL DEFAULT CURRENT_TIMESTAMP,
  `updatedAt` datetime NOT NULL DEFAULT CURRENT_TIMESTAMP ON UPDATE CURRENT_TIMESTAMP,
  PRIMARY KEY (`id`)
) ENGINE=InnoDB AUTO_INCREMENT=5 DEFAULT CHARSET=utf8mb4 COLLATE=utf8mb4_0900_ai_ci;
/*!40101 SET character_set_client = @saved_cs_client */;

--
-- Dumping data for table `conservation_level`
--

LOCK TABLES `conservation_level` WRITE;
/*!40000 ALTER TABLE `conservation_level` DISABLE KEYS */;
INSERT INTO `conservation_level` VALUES (1,'Very Good','2025-05-16 13:53:46','2025-05-26 11:41:26'),(2,'Good','2025-05-16 13:53:47','2025-05-26 11:41:29'),(3,'Medium','2025-05-16 13:53:47','2025-05-26 11:41:33'),(4,'Bad (Ruin)','2025-05-16 13:53:47','2025-05-26 11:41:41');
/*!40000 ALTER TABLE `conservation_level` ENABLE KEYS */;
UNLOCK TABLES;

--
-- Table structure for table `current_state`
--

DROP TABLE IF EXISTS `current_state`;
/*!40101 SET @saved_cs_client     = @@character_set_client */;
/*!50503 SET character_set_client = utf8mb4 */;
CREATE TABLE `current_state` (
  `id` int NOT NULL AUTO_INCREMENT,
  `description` varchar(255) NOT NULL,
  `createdAt` datetime NOT NULL DEFAULT CURRENT_TIMESTAMP,
  `updatedAt` datetime NOT NULL DEFAULT CURRENT_TIMESTAMP ON UPDATE CURRENT_TIMESTAMP,
  PRIMARY KEY (`id`)
) ENGINE=InnoDB AUTO_INCREMENT=4 DEFAULT CHARSET=utf8mb4 COLLATE=utf8mb4_0900_ai_ci;
/*!40101 SET character_set_client = @saved_cs_client */;

--
-- Dumping data for table `current_state`
--

LOCK TABLES `current_state` WRITE;
/*!40000 ALTER TABLE `current_state` DISABLE KEYS */;
INSERT INTO `current_state` VALUES (1,'Abandoned','2025-05-16 13:53:47','2025-05-16 13:53:47'),(2,'In Rehabilitation/Construction','2025-05-16 13:53:47','2025-05-16 13:53:47'),(3,'In Use','2025-05-16 13:53:47','2025-05-16 13:53:47');
/*!40000 ALTER TABLE `current_state` ENABLE KEYS */;
UNLOCK TABLES;

--
-- Table structure for table `facade_typology`
--

DROP TABLE IF EXISTS `facade_typology`;
/*!40101 SET @saved_cs_client     = @@character_set_client */;
/*!50503 SET character_set_client = utf8mb4 */;
CREATE TABLE `facade_typology` (
  `id` int NOT NULL AUTO_INCREMENT,
  `description` varchar(255) NOT NULL,
  `createdAt` datetime NOT NULL DEFAULT CURRENT_TIMESTAMP,
  `updatedAt` datetime NOT NULL DEFAULT CURRENT_TIMESTAMP ON UPDATE CURRENT_TIMESTAMP,
  PRIMARY KEY (`id`)
) ENGINE=InnoDB AUTO_INCREMENT=8 DEFAULT CHARSET=utf8mb4 COLLATE=utf8mb4_0900_ai_ci;
/*!40101 SET character_set_client = @saved_cs_client */;

--
-- Dumping data for table `facade_typology`
--

LOCK TABLES `facade_typology` WRITE;
/*!40000 ALTER TABLE `facade_typology` DISABLE KEYS */;
INSERT INTO `facade_typology` VALUES (1,'a. 2-story house','2025-05-16 13:53:45','2025-05-16 13:53:45'),(2,'b. 2-story house with projecting staircase','2025-05-16 13:53:45','2025-05-16 13:53:45'),(3,'c. 2-story house with projecting staircase and porch','2025-05-16 13:53:45','2025-05-16 13:53:45'),(4,'d. Typical house','2025-05-16 13:53:45','2025-05-16 13:53:45'),(5,'f. Projecting balcony with staircase','2025-05-16 13:53:46','2025-05-16 13:53:46'),(6,'g. Recessed balcony','2025-05-16 13:53:46','2025-05-16 13:53:46'),(7,'n. Not identified','2025-05-16 13:53:46','2025-05-16 13:53:46');
/*!40000 ALTER TABLE `facade_typology` ENABLE KEYS */;
UNLOCK TABLES;

--
-- Table structure for table `intervention`
--

DROP TABLE IF EXISTS `intervention`;
/*!40101 SET @saved_cs_client     = @@character_set_client */;
/*!50503 SET character_set_client = utf8mb4 */;
CREATE TABLE `intervention` (
  `id` int NOT NULL AUTO_INCREMENT,
  `description` varchar(255) NOT NULL,
  `createdAt` datetime NOT NULL DEFAULT CURRENT_TIMESTAMP,
  `updatedAt` datetime NOT NULL DEFAULT CURRENT_TIMESTAMP ON UPDATE CURRENT_TIMESTAMP,
  PRIMARY KEY (`id`)
) ENGINE=InnoDB AUTO_INCREMENT=9 DEFAULT CHARSET=utf8mb4 COLLATE=utf8mb4_0900_ai_ci;
/*!40101 SET character_set_client = @saved_cs_client */;

--
-- Dumping data for table `intervention`
--

LOCK TABLES `intervention` WRITE;
/*!40000 ALTER TABLE `intervention` DISABLE KEYS */;
INSERT INTO `intervention` VALUES (1,'Openings in Non-traditional materials','2025-05-16 13:58:38','2025-05-26 11:47:16'),(2,'Roof Tiles Changed','2025-05-16 13:58:38','2025-05-26 11:45:22'),(3,'Joints Filled with Portland Cement-based Mortar','2025-05-16 13:58:38','2025-05-26 11:47:29'),(4,'Roof Structure Altered','2025-05-16 13:58:38','2025-05-26 11:46:39'),(5,'Concrete Elements Added','2025-05-16 13:58:38','2025-05-26 11:46:56'),(6,'Volumes Reconstructed or Plasters Added','2025-05-16 13:58:38','2025-05-26 11:47:09'),(7,'Vernacular building: No alterations observed','2025-08-12 17:24:31','2025-08-12 17:24:31'),(8,'Nonvernacular building: No alterations registered','2025-08-12 17:24:56','2025-08-12 17:24:56');
/*!40000 ALTER TABLE `intervention` ENABLE KEYS */;
UNLOCK TABLES;

--
-- Table structure for table `opening`
--

DROP TABLE IF EXISTS `opening`;
/*!40101 SET @saved_cs_client     = @@character_set_client */;
/*!50503 SET character_set_client = utf8mb4 */;
CREATE TABLE `opening` (
  `id` int NOT NULL AUTO_INCREMENT,
  `description` varchar(255) NOT NULL,
  `createdAt` datetime NOT NULL DEFAULT CURRENT_TIMESTAMP,
  `updatedAt` datetime NOT NULL DEFAULT CURRENT_TIMESTAMP ON UPDATE CURRENT_TIMESTAMP,
  PRIMARY KEY (`id`)
) ENGINE=InnoDB AUTO_INCREMENT=5 DEFAULT CHARSET=utf8mb4 COLLATE=utf8mb4_0900_ai_ci;
/*!40101 SET character_set_client = @saved_cs_client */;

--
-- Dumping data for table `opening`
--

LOCK TABLES `opening` WRITE;
/*!40000 ALTER TABLE `opening` DISABLE KEYS */;
INSERT INTO `opening` VALUES (1,'Traditional and Non-traditional Materials','2025-05-16 13:53:49','2025-05-26 11:48:25'),(2,'Non-traditional Materials','2025-05-16 13:53:49','2025-05-26 11:43:57'),(3,'Traditional Materials','2025-05-16 13:53:49','2025-05-26 11:48:34'),(4,'Voids','2025-05-16 13:53:49','2025-05-16 13:53:49');
/*!40000 ALTER TABLE `opening` ENABLE KEYS */;
UNLOCK TABLES;

--
-- Table structure for table `roof_covering`
--

DROP TABLE IF EXISTS `roof_covering`;
/*!40101 SET @saved_cs_client     = @@character_set_client */;
/*!50503 SET character_set_client = utf8mb4 */;
CREATE TABLE `roof_covering` (
  `id` int NOT NULL AUTO_INCREMENT,
  `description` varchar(255) NOT NULL,
  `createdAt` datetime NOT NULL DEFAULT CURRENT_TIMESTAMP,
  `updatedAt` datetime NOT NULL DEFAULT CURRENT_TIMESTAMP ON UPDATE CURRENT_TIMESTAMP,
  PRIMARY KEY (`id`)
) ENGINE=InnoDB AUTO_INCREMENT=6 DEFAULT CHARSET=utf8mb4 COLLATE=utf8mb4_0900_ai_ci;
/*!40101 SET character_set_client = @saved_cs_client */;

--
-- Dumping data for table `roof_covering`
--

LOCK TABLES `roof_covering` WRITE;
/*!40000 ALTER TABLE `roof_covering` DISABLE KEYS */;
INSERT INTO `roof_covering` VALUES (1,'Ceramic','2025-05-16 13:53:48','2025-05-16 13:53:48'),(2,'Traditional and Non-traditional','2025-05-16 13:53:48','2025-05-26 11:48:56'),(3,'Non-traditional','2025-05-16 13:53:48','2025-05-26 11:49:06'),(4,'Slate','2025-05-16 13:53:48','2025-05-16 13:53:48'),(5,'Uncertain','2025-05-16 13:53:48','2025-05-16 13:53:48');
/*!40000 ALTER TABLE `roof_covering` ENABLE KEYS */;
UNLOCK TABLES;

--
-- Table structure for table `structural_system`
--

DROP TABLE IF EXISTS `structural_system`;
/*!40101 SET @saved_cs_client     = @@character_set_client */;
/*!50503 SET character_set_client = utf8mb4 */;
CREATE TABLE `structural_system` (
  `id` int NOT NULL AUTO_INCREMENT,
  `description` varchar(255) NOT NULL,
  `createdAt` datetime NOT NULL DEFAULT CURRENT_TIMESTAMP,
  `updatedAt` datetime NOT NULL DEFAULT CURRENT_TIMESTAMP ON UPDATE CURRENT_TIMESTAMP,
  PRIMARY KEY (`id`)
) ENGINE=InnoDB AUTO_INCREMENT=4 DEFAULT CHARSET=utf8mb4 COLLATE=utf8mb4_0900_ai_ci;
/*!40101 SET character_set_client = @saved_cs_client */;

--
-- Dumping data for table `structural_system`
--

LOCK TABLES `structural_system` WRITE;
/*!40000 ALTER TABLE `structural_system` DISABLE KEYS */;
INSERT INTO `structural_system` VALUES (1,'Concrete','2025-05-16 13:53:49','2025-05-16 13:53:49'),(2,'Mixed Traditional and Non-traditional','2025-05-16 13:53:49','2025-05-26 11:49:45'),(3,'Traditional Masonry','2025-05-16 13:53:49','2025-05-16 13:53:49');
/*!40000 ALTER TABLE `structural_system` ENABLE KEYS */;
UNLOCK TABLES;

--
-- Table structure for table `use_type`
--

DROP TABLE IF EXISTS `use_type`;
/*!40101 SET @saved_cs_client     = @@character_set_client */;
/*!50503 SET character_set_client = utf8mb4 */;
CREATE TABLE `use_type` (
  `id` int NOT NULL AUTO_INCREMENT,
  `description` varchar(255) NOT NULL,
  `createdAt` datetime NOT NULL DEFAULT CURRENT_TIMESTAMP,
  `updatedAt` datetime NOT NULL DEFAULT CURRENT_TIMESTAMP ON UPDATE CURRENT_TIMESTAMP,
  PRIMARY KEY (`id`)
) ENGINE=InnoDB AUTO_INCREMENT=5 DEFAULT CHARSET=utf8mb4 COLLATE=utf8mb4_0900_ai_ci;
/*!40101 SET character_set_client = @saved_cs_client */;

--
-- Dumping data for table `use_type`
--

LOCK TABLES `use_type` WRITE;
/*!40000 ALTER TABLE `use_type` DISABLE KEYS */;
INSERT INTO `use_type` VALUES (1,'Community','2025-05-16 13:53:47','2025-05-16 13:53:47'),(2,'Temporary Residence','2025-05-16 13:53:47','2025-08-09 17:30:37'),(3,'Storage','2025-05-16 13:53:47','2025-05-16 13:53:47'),(4,'Permanent Residence','2025-08-11 10:53:45','2025-08-11 10:53:45');
/*!40000 ALTER TABLE `use_type` ENABLE KEYS */;
UNLOCK TABLES;

--
-- Table structure for table `wall_covering`
--

DROP TABLE IF EXISTS `wall_covering`;
/*!40101 SET @saved_cs_client     = @@character_set_client */;
/*!50503 SET character_set_client = utf8mb4 */;
CREATE TABLE `wall_covering` (
  `id` int NOT NULL AUTO_INCREMENT,
  `description` varchar(255) NOT NULL,
  `createdAt` datetime NOT NULL DEFAULT CURRENT_TIMESTAMP,
  `updatedAt` datetime NOT NULL DEFAULT CURRENT_TIMESTAMP ON UPDATE CURRENT_TIMESTAMP,
  PRIMARY KEY (`id`)
) ENGINE=InnoDB AUTO_INCREMENT=7 DEFAULT CHARSET=utf8mb4 COLLATE=utf8mb4_0900_ai_ci;
/*!40101 SET character_set_client = @saved_cs_client */;

--
-- Dumping data for table `wall_covering`
--

LOCK TABLES `wall_covering` WRITE;
/*!40000 ALTER TABLE `wall_covering` DISABLE KEYS */;
INSERT INTO `wall_covering` VALUES (1,'Cement/Uncertain plaster','2025-05-16 13:53:48','2025-05-16 13:53:48'),(2,'Granite','2025-05-16 13:53:48','2025-05-16 13:53:48'),(3,'Lime/Earth Plaster','2025-05-16 13:53:48','2025-05-16 13:53:48'),(4,'Mixed Traditional','2025-05-16 13:53:48','2025-05-16 13:53:48'),(5,'Traditional and Non-traditional','2025-05-16 13:53:49','2025-05-26 11:57:52'),(6,'Non-traditional','2025-05-16 13:53:49','2025-05-26 11:58:02');
/*!40000 ALTER TABLE `wall_covering` ENABLE KEYS */;
UNLOCK TABLES;

--
-- Dumping routines for database 'np'
--
--
-- WARNING: can't read the INFORMATION_SCHEMA.libraries table. It's most probably an old server 8.0.35.
--
SET @@SESSION.SQL_LOG_BIN = @MYSQLDUMP_TEMP_LOG_BIN;
/*!40103 SET TIME_ZONE=@OLD_TIME_ZONE */;

/*!40101 SET SQL_MODE=@OLD_SQL_MODE */;
/*!40014 SET FOREIGN_KEY_CHECKS=@OLD_FOREIGN_KEY_CHECKS */;
/*!40014 SET UNIQUE_CHECKS=@OLD_UNIQUE_CHECKS */;
/*!40101 SET CHARACTER_SET_CLIENT=@OLD_CHARACTER_SET_CLIENT */;
/*!40101 SET CHARACTER_SET_RESULTS=@OLD_CHARACTER_SET_RESULTS */;
/*!40101 SET COLLATION_CONNECTION=@OLD_COLLATION_CONNECTION */;
/*!40111 SET SQL_NOTES=@OLD_SQL_NOTES */;

-- Dump completed on 2025-08-12 18:55:18
